--Inserts
INSERT INTO Categoria
VALUES 
(N'Aves', N'Las aves son animales vertebrados, de sangre caliente, que se caracterizan principalmente por tener plumas, un pico sin dientes, poner huevos con cáscara dura y son los únicos animales vivos que poseen plumas.'),
(N'Mamíferos', N'Los mamíferos son vertebrados de sangre caliente, caracterizados por tener glándulas mamarias para alimentar a sus crías, pelo en el cuerpo y ser mayormente vivíparos. Pertenecen a la clase Mammalia.'),
(N'Reptiles', N'Los reptiles son animales vertebrados, de sangre fría, que se caracterizan por tener piel cubierta de escamas queratinosas y respirar mediante pulmones durante toda su vida. La mayoría ponen huevos con cáscara resistente (ovíparos).'),
(N'Peces marinos', N'Los peces marinos son vertebrados acuáticos con branquias, escamas y aletas. Son de sangre fría y se reproducen mediante huevos. Habitan exclusivamente en agua salada.'),
(N'Equinodermos', N'Los equinodermos son animales marinos con simetría radial, como estrellas y erizos de mar. Tienen un esqueleto interno con púas y un sistema vascular acuático único para moverse.'),
(N'Anfibios', N'Los anfibios son vertebrados que experimentan una metamorfosis, iniciando su vida en el agua con branquias (como renacuajos) y desarrollando pulmones para la vida terrestre adulta. Tienen piel húmeda y permeable.')

--Aves
INSERT INTO Animal
VALUES 
(N'Tucán Pico Iris', N'Ramphastos sulfuratus', N'Es un ave grande de 48 cm de longitud, presenta un plumaje negro contrastado con el amarillo intenso en el cuello y parte del pecho; posee un gran pico de 16 cm de largo. Su nombre se debe a que tiene un flamante pico con los colores del arco iris. Área ocular desnuda de color verdosa. Son de cuerpo negro; en el macho el pico se presenta de mayor tamaño y su cuello y pecho son de color amarillo brillante. La rabadilla de color blanco y subcaudales rojas. Las patas son azul brillante. ', N'En Panamá es común en bosques secundarios y bordes de bosques en tierras bajas y parte baja de las estribaciones.', N'Esta especie se distribuye desde el este de México hasta el norte de Colombia y noroeste de Venezuela.', N'La importancia ecológica del tucán pico iris radica en su papel como dispersor de semillas, lo que es crucial para la regeneración de los bosques y la diversidad vegetal. Además, al ser un animal sensible a los cambios en su hábitat, su presencia o ausencia sirve como indicador de la salud ambiental del ecosistema.', N'Vulnerable (VU)', N'1'),
(N'Tucán Gorguiamarillo', N'Ramphastos ambiguus', N'Esta especie tiene una longitud total de 58 cm (medida desde la punta del pico hasta el final de la cola) con una longitud del pico de hasta 18 cm. El pico de este tucán es bicolor, con la mandíbula superior de color amarillo brillante y con la mandíbula superior inferior y la base del pico de color castaño rojizo oscuro. El área de piel desnuda alrededor del ojo es verde. El plumaje es mayoritariamente negro, con la zona facial, la garganta y el pecho de una coloración amarilla brillante. Hay una amplia línea roja en el borde del pecho amarillo y las partes inferiores negras. Coberteras infracaudales de color rojizo. Patas de color azul.', N'Esta especie de tucán se puede encontrar comúnmente en los doseles de los bosques.', N'Se distribuye desde Honduras hasta el oeste de Ecuador y Perú.', N'El tucán gorgiamarillo tiene una importancia ecológica vital como dispersor de semillas, lo que es crucial para la regeneración de los bosques. Además, su rol incluye el mantenimiento del equilibrio ecológico, ya que su dieta omnívora (frutas, insectos, pequeños animales) ayuda a controlar poblaciones de plagas. ', N'Casi amenazado (NT)', N'1' ),
(N'Guacamayo Verde', N'Ara ambiguus', N'La longitud total de esta especie varía entre 86,4 cm y 91,4 cm (medidos desde la punta del pico hasta el final de la cola). Esta rara y hermosa ave tiene una cola muy larga y puntiaguda, un iris pálido y un pico negro con una punta gris. El plumaje es principalmente de color verde amarillento, excepto por la frente de color rojo brillante y el área facial de piel desnuda rosada. Luego, la parte inferior de la espalda, la rabadilla y las coberteras inferiores de la cola son de color azul pálido. La cola es multicolor y tiene la base roja, con las puntas y las plumas exteriores azules y una cola de color oliva.', N'Esta especie de guacamayo prefiere los bosques densos y solía estar bastante extendida en el país, pero debido a la destrucción de las cubiertas forestales, su hábitat está mucho más disperso.', N'Esta especie ha sido reportada desde el este de Honduras hasta el oeste de Ecuador', N'La importancia ecológica del guacamayo verde reside en su papel como dispersor de semillas, lo que ayuda a la regeneración del bosque, y en su función de especie indicadora del estado de salud del hábitat. Al ser un depredador de semillas, influye en la dinámica de las poblaciones de las plantas de las que se alimenta y también compite por recursos con otras aves granívoras y frugívoras.', N'Peligro crítico (CR)', N'1'),
(N'Guacamaya Roja', N'Ara Macao', N'Es un ave grande, su longitud es de 89- 97 cm. Cola muy larga y puntiaguda. Piel facial desnuda blanca, sin líneas de plumas; pico bicolor, con la mandíbula superior principalmente color cuerno, y la inferior negra. Principalmente escarlata brillante; parte inferior del dorso, rabadilla y subcaudales azul claro; coberteras alares principalmente amarillas (lucen como una franja conspicua a través del ala). Plumas de vuelo (desde arriba) principalmente azules; las alas y la cola son rojas por debajo. Sus patas cigodáctilas tienen cuatro dedos, dos hacia adelante y dos hacia atrás, y son de color gris oscuro.', N'Se encuentra en selvas medianas subcaducifolias, selvas altas subperennifolias, selvas tropicales de tierras bajas, bosques abiertos, llanuras húmedas y sabanas, tanto en las zonas montañosas como en aquellas cercanas a las costas de los océanos Pacífico y Atlántico. Igualmente, habita en porciones remotas de bosque húmedo y bosque en galería.', N'Esta especie abarca desde México hasta el norte de Brasil y el centro de Bolivia; lo que incluye América Central y la región de la Amazonia. Todavía es común en la Isla de Coiba, pero está erradicada de toda su distribución continental, excepto en el suroeste remoto de la Península de Azuero; allí persisten algunas, principalmente fuera de la costa inmediata en las zonas que han permanecido boscosas.', N'La importancia ecológica de la guacamaya roja radica en su papel como dispersor de semillas, contribuyendo a la regeneración de los bosques, y como especie indicadora, ya que su presencia indica que un ecosistema está saludable. Además, debido a su valor como especie carismática, se le considera una especie paraguas que ayuda a proteger a otras especies menos visibles y a la conservación de su hábitat.', N'Peligro crítico (CR)', N'1'),
(N'Guacamaya Azul Amarilla', N'Ara ararauna', N'Mide entre 76 y 86 cm de largo y pesa de 900 a 1500 g. Macho y hembra adultos son generalmente iguales, su plumaje es de color azul en la parte superior, de color amarillo teñido de oro en el pecho y el vientre, la barbilla es de color azul oscuro y la frente verde. El pico es de color negro y las patas de color gris oscuro. La cara es de color blanco y llena de pequeñas plumas negras', N'Viven en hábitats variados que van desde bosque húmedo tropical, selva tropical a sabana seca, principalmente en bosques cercanos a los cauces de los ríos.', N' Se encuentra en Sudamérica, desde Panamá hasta Perú, Bolivia y el noreste de Argentina.', N'La importancia ecológica del guacamayo azul y amarillo radica en su papel como dispersor de semillas y como indicador de un ecosistema sano. Al alimentarse de frutos y semillas, ayudan a la regeneración del bosque al dispersarlas por diferentes áreas, contribuyendo a la biodiversidad. Su presencia es un signo de que un ecosistema forestal está saludable y equilibrado. ', N'Peligro crítico (CR)', N'1'),
(N'Loro Cabeciamarilla', N'Amazona ochrocephala', N'Esta especie tiene una longitud total de 30,5 cm (medidos desde la punta del pico hasta el final de la cola). Esta ave tiene un pico de carne pálida con la punta de color gris oscuro y un iris rojo. El plumaje es mayormente verde, excepto por el área desde la frente hasta la mitad de la corona que es de color amarillo y también el área de piel desnuda alrededor del ojo que es de color gris opaco. Luego, el pájaro muestra algunas partes de color rojo: hay una banda roja a lo largo de las alas, un espéculo rojo en las secundarias y un parche rojo en la base de la cola.', N'Esta especie amazónica se puede encontrar en bosques de galería y sabanas, en las tierras bajas.', N'Esta especie ha sido reportada desde el oeste de Panamá hasta el norte de Bolivia y la Amazonía de Brasil.', N'La importancia ecológica del loro cabeciamarilla es significativa; actúan como dispersores de semillas, lo que ayuda a la regeneración de los bosques, y como polinizadores, contribuyendo a la salud del ecosistema. Su papel en la cadena alimenticia es crucial, y su extinción tendría un impacto en otras especies dependientes.', N'Vulnerable (VU)', N'1'),
(N'Loro Frentirrojo', N'Amazona autumnalis', N'Tiene un pico bicolor, con un cuerno amarillo en la parte superior y una coloración gris oscura en la parte superior. Alrededor del ojo, el área de la piel desnuda es blanca. Además, la frente y los lores son de color rojo brillante. De lo contrario, el plumaje de esta ave es mayoritariamente verde, a excepción de la corona y las plumas de la nuca que son de color púrpura lavanda. El plumaje también es más amarillo verdoso en la cara. Podemos distinguir un espéculo rojo en las secundarias. Luego, la cola tiene la punta de color verde amarillento y algo de rojo en la base.', N'Esta especie amazónica se puede encontrar comúnmente en bosques y bosques de galería húmedos, en las tierras bajas y estribaciones de ambas vertientes.', N'Esta especie se encuentra desde el este de México hasta el oeste de Venezuela, el oeste de Ecuador y en el noroeste de Brasil.', N'La importancia ecológica del loro frentirrojo reside principalmente en su papel como dispersor de semillas, ayudando a la regeneración de los bosques, y su contribución a la biodiversidad y al equilibrio del ecosistema. Al dispersar semillas a través de sus excrementos en nuevas áreas, favorece la propagación y el crecimiento de nuevas plantas. También participan en la polinización y son una parte fundamental de la red alimenticia.', N'Vulnerable (VU)', N'1'),
(N'Loro Harinoso', N'Amazona farinosa', N'La longitud total de esta especie varía entre 35,5 cm y 38,1 cm (medidos desde la punta del pico hasta la punta de la cola). Esta ave tiene un pico pálido con la punta del maxilar gris oscuro y el iris negro. El plumaje de este loro es mayoritariamente verde, a excepción de las plumas de la corona y la nuca que tienen los bordes con puntas azules. También podemos distinguir la zona blanca de piel desnuda alrededor del ojo. También hay un espéculo rojo en las secundarias y la cola muestra dos colores, con la mitad exterior verde amarillo.', N'Esta especie de loro prefiere los bosques húmedos en las tierras bajas y estribaciones.', N'Esta especie ha sido reportada desde el sur de México hasta el norte de Bolivia y el sur de Brasil.', N'La importancia ecológica del loro harinoso radica en su papel como dispersor de semillas, ya que se alimenta de frutas y las transporta a diferentes áreas, lo que ayuda a la regeneración y diversidad de la vegetación en los bosques. Además, en su dieta consume néctar y brotes, actuando también como polinizador y contribuyendo al equilibrio del ecosistema.', N'Vulnerable (VU)', N'1'),
(N'Perico barbinaranja', N'Brotogeris jugularis', N'Miden unos 12 a 18 cm de largo total. Tanto el macho como la hembra adultos tienen un plumaje que va del amarillo verdoso al verde oliva, un toque azul en la corona, una mancha naranja en la garganta, y un toque azul en la parte baja del dorso. Las plumas coberteras alares externas son de un tono castaño oliváceo o bronce, mientras que las coberteras alares internas son amarillas, y las rémiges son de un tono verde azuloso. Poseen un anillo periocular (alrededor del ojo) blanco sin plumas, y ojos oscuros. El pico es de color claro, amarillento opaco. La cola es corta y puntiaguda. Los especímenes jóvenes presentan el mismo colorido que los adultos.', N'Son comunes en zonas de bosque seco, y en áreas cultivadas o parcialmente deforestadas, con árboles remanentes; menos numerosos en dosel y bordes de selva húmeda.', N'Familia de los loros extendida por el Neotrópico, desde el sur de México hasta Colombia y Venezuela.', N'El perico barbinaranja tiene importancia ecológica porque participa en la dispersión de semillas, al consumir frutas y flores de las que se alimenta. Además, contribuye al mantenimiento del ecosistema al formar parte de la compleja cadena alimenticia de los bosques, y puede anidar en cavidades de nidos de termitas, lo que muestra su adaptación a su entorno. Al ser una especie de gran abundancia en algunos estudios, su presencia en hábitats alterados como los parques urbanos demuestra la importancia de estos espacios como refugios para la vida silvestre, incluso en entornos antropogénicos', N'Vulnerable (VU)', N'1'),
(N'Perico Frentirrojo', N'Psittacara finschi', N'La longitud total de esta especie varía entre 28 cm y 30,5 cm (medidos desde la punta del pico hasta la punta de la cola). Este pájaro tiene un pico beige en forma de cuerno y un iris oscuro. El área de piel desnuda alrededor del ojo es blanca. El plumaje es mayormente verde, con una frente roja característica y el rojo debajo de las coberteras de las alas. Las coberteras alares están bordeadas por detrás por las coberteras mayores amarillas. Luego, la parte inferior de las plumas de vuelo y la cola son de color amarillo oliva.', N'Esta especie de periquito se puede encontrar comúnmente en bosques, bordes de bosques y claros, en las tierras bajas del oeste de Panamá.', N'Esta especie ha sido reportada desde Nicaragua hasta el oeste de Panamá.', N'La importancia ecológica del perico frentirrojo radica en su rol como dispersor de semillas, ya que su alimentación de frutas y semillas ayuda a la regeneración de bosques y al mantenimiento de la biodiversidad. Además, es un indicador de la salud del ecosistema al adaptarse tanto a entornos naturales como semi-urbanos.', N'Vulnerable (VU)', N'1'),
(N'Perico de Azuero o Perico Carato', N'Pyrrhura picta eisenmanni', N'Mide 22 cm, pesa probablemente entre 54- 70 g. Ambos adultos en su mayoría verdes; frente y corona negra / marrones a la nuca; banda roja delgada frontal a lores y alrededor de los ojos; orejas de color blanco; cachetes azulados verdoso; collar nucal azul débil; pecho verde festoneado con blanco / azul inferior festoneado con pulido / blanco y amarillo; curva verde del ala. Pico negro Anillo ocular desnudo y gris. Ojo marrón amarillo.', N'Vive en áreas de bosque húmedo y montañoso, márgenes forestales y, a veces, en áreas cercanas parcialmente despejadas.', N'Es una especie endémica de Panamá, existe únicamente en la parte sur y suroeste de la Península de Azuero, en el Parque Nacional Cerro Hoya.', N'La importancia ecológica del perico carato radica en su rol como dispersor de semillas para el bosque y su contribución al equilibrio del ecosistema de la península de Azuero y el Parque Nacional Cerro Hoya. Al alimentarse y dispersar semillas, ayuda a la regeneración del bosque, mientras que su supervivencia es un indicador de la salud del ecosistema local. ', N'Peligro crítico (CR)', N'1'),
(N'Saltarín Cuellinaranja', N'Manacus aurantiacus', N'La longitud total de esta especie varía entre 9,5 cm y 10,1 cm (medida desde la punta del pico hasta la punta de la cola). Esta ave tiene un pico negro bastante largo, ligeramente curvado y patas anaranjadas. El macho se caracteriza por un collar naranja en la garganta que se extiende hacia la parte superior de la espalda. Luego, las partes inferiores son amarillas y la cola es de color marrón oliva. El plumaje de arriba es negro con alas negras. La hembra tiene una coloración oliva dorada en la parte superior y una coloración más amarilla en la parte superior.', N'Esta especie se puede encontrar en la maleza de los bordes de los bosques, bosques de segundo crecimiento y claros en regeneración, en las tierras bajas y estribaciones.', N'Esta especie ha sido reportada en el suroeste de Costa Rica y el Pacífico occidental de Panamá.', N'El saltarín cuellinaranja es ecológicamente importante como indicador de la salud de los bosques húmedos y bosques de galería, ya que depende de estos hábitats para su supervivencia. También es un dispersor de semillas y un componente de la biodiversidad de las selvas tropicales de Panamá y Costa Rica. La presencia del saltarín cuellinaranja indica un ecosistema con la cobertura y recursos necesarios para sustentar a otras especies de aves. ', N'En peligro (EN)', N'1'),
(N'Saltarín Cuelliblanco', N'Manacus cande', N'La longitud total de esta especie varía entre 10,1 cm y 10,8 cm (medidos desde la punta del pico hasta el final de la cola). Este pequeño pájaro tiene un pico negro ligeramente curvado y patas de color rojo anaranjado. El macho se caracteriza por un collar blanco (alrededor del cuello) y una garganta blanca. Las plumas de la garganta son más largas y gruesas. De lo contrario, el plumaje de arriba es mayormente negro con la rabadilla y la parte inferior de la espalda de color oliva. Entonces, las partes inferiores son de color amarillo brillante. La hembra tiene una coloración oliva más apagada en la parte superior, así como en la garganta y el pecho. Esta coloración aceitunada se vuelve amarilla en el vientre.', N'Esta especie se observa comúnmente en los bordes de los bosques y en los claros densamente crecidos en las tierras bajas de Bocas del Toro.', N'Esta especie ha sido reportada desde el sur de México hasta el Caribe occidental de Panamá.', N'La importancia ecológica del saltarín cuelliblanco radica en su papel como dispersor de semillas, ya que su dieta se basa principalmente en frutas. Además, al habitar en bosques tropicales húmedos, matorrales y plantaciones, contribuye a mantener la salud de estos ecosistemas. Su ciclo reproductivo, en el que el macho es polígamo y la hembra se encarga sola de la cría, también tiene implicaciones únicas en el ecosistema.', N'Vulnerable (VU)', N'1'),
(N'Bolsero Dorsiamarillo', N'Icterus chrysater', N'Mide entre 21-24 cm. Es principalmente amarillo dorado con frente, área ocular, babero, alas y cola negra. Su babero es negro a veces débilmente delineado con naranja pardusco. La hembra es similar al macho, pero un poco más pálida. Los juveniles carecen de negro sobre la cabeza y el pecho, el resto del plumaje es más opaco que los adultos.', N'En Panamá es frecuente en bosques de áreas boscosas, claros y áreas con arbustos; y árboles en tierras bajas y estribaciones de ambas vertientes desde Veraguas hasta Darién.', N'Se encuentra desde el sureste de México hasta Colombia y norte de Venezuela.', N'El bolsero dorsiamarillo es ecológicamente importante porque contribuye a la dispersión de semillas y a la polinización. Además, como parte de la familia de los icteridos, se alimenta de insectos y frutos, actuando como un controlador natural de plagas. Su presencia también es un indicador de la salud de sus hábitats naturales, como los bosques de pino-encino y las selvas húmedas. ', N'Preocupación menor (LC)', N'1'),
(N'Eufonia Coroniamarilla', N'Euphonia luteicapilla', N'Esta especie tiene una longitud total de 10 cm (medidos desde la punta del pico hasta el final de la cola). El macho tiene su corona amarilla y las partes inferiores de color amarillo brillante. Las partes superiores son de un azul intenso, mientras que la garganta y el pecho muestran una coloración azul más "acero". La hembra se ve bastante diferente, con una coloración oliva amarillenta en la parte superior y una coloración amarillo pálido en la parte inferior.', N'Esta ave Euphonia favorecerá los hábitats de áreas arbustivas secas o menos secas en sabanas y claros. Esta ave se encuentra en las tierras bajas.', N'Esta especie ha sido reportada desde Nicaragua hasta el este de Panamá.', N'La importancia ecológica de la eufonia coroniamarilla radica en su rol como dispersora de semillas al alimentarse de frutos blandos y en su papel como controlador de poblaciones de insectos. Además, como ave de múltiples hábitats (bosques secos, áreas degradadas y jardines), es un indicador de salud del ecosistema y puede ser observada en bandadas mixtas, lo que contribuye al funcionamiento general de la comunidad de aves.', N'Preocupación menor (LC)', N'1'),
(N'Mielero Patirrojo', N'Cyanerpes cyaneus', N'Los adultos miden 12 cm de longitud; tienen un pico mediano, negro y ligeramente curvo. Presentan un fuerte dimorfismo sexual. Los machos son de plumaje azul violeta, con las alas negras con una raya azul violeta en la mitad de las mismas, y la parte inferior, visible sólo en vuelo, es de color amarillo limón. La cola y la espalda también son negras, y también un antifaz alrededor de los ojos. Las patas son rojas brillantes. Tienen una corona azul turquesa. Las hembras y los inmaduros son color verde opaco, más claro en las partes ventrales, las cuales presentan un rayado ligero. Las patas de las hembras son pardo rojizas, y la de los inmaduros, pardas. El macho adulto es una de las pocas aves tropicales que cambia su plumaje durante la época de reproducción, fuera de época de cría las partes azul violeta de su plumaje se vuelven verdes, la espalda y la coronilla también se vuelven verdes; quedando así con un plumaje similar al de una hembra, pero con alas negras.', N'Común en sus hábitats naturales: el dosel y los bordes de selvas húmedas y bosques caducifolios y claros adyacentes.', N'Se distribuye ampliamente desde el este de México, por Belice, Guatemala, El Salvador, Honduras, Nicaragua, Costa Rica, Panamá, norte de Colombia, hacia el este por las montañas costeras de Venezuela y Trinidad y Tobago, hacia el sur por la pendiente del Pacífico del oeste de Colombia y noroeste de Ecuador; por la totalidad de la cuenca amazónica y del escudo guyanés, del sur y este de Colombia, este de Ecuador, este de Perú, norte de Bolivia, sur y este de Venezuela, Guyana, Surinam, Guayana Francesa, toda la Amazonia brasileña; y una población aislada en el litoral del este de Brasil. Existe una población residente en Cuba cuyo origen se desconoce, posiblemente haya sido introducido.', N'El mielero patirrojo es ecológicamente importante por su rol como polinizador, dispersor de semillas y controlador de insectos. Al alimentarse de néctar, frutos e insectos, participa en la salud y el equilibrio de los ecosistemas boscosos y áreas con vegetación.', N'Preocupación menor (LC)', N'1'),
(N'Quetzal', N'Pharomachrus mocinno', N'La longitud total de esta especie varía entre 35,6 cm y 38,1 cm (medidos desde la punta del pico hasta la punta de la cola). El macho tiene un pico puntiagudo amarillo y un iris oscuro. Este macho se ve hermoso con un plumaje verde dorado en su mayoría reluciente y una cresta redondeada y aplanada lateralmente. También podemos admirar la maravillosa cola que consta de plumas alargadas de las coberteras superiores de la cola. Entonces, el pecho y el vientre son rojos y la cola es blanca desde abajo. La hembra tiene un plumaje más apagado con las coberteras superiores de la cola que generalmente no se extienden más allá de la punta de la cola. El plumaje de arriba es verde con la cabeza de un verde más oscuro y la parte de abajo más marrón grisácea. El pecho es verde metálico y el vientre rojo. La cola es de color gris oscuro y las plumas exteriores tienen rayas blancas y puntas blancas.', N'En su área de distribución vive únicamente en bosques nubosos montanos.', N'Esta especie ha sido reportada desde el sur de México hasta el oeste de Panamá. incluidos la zona centro de Guatemala, Honduras, Oriente de El Salvador, norte de Nicaragua y centro de Costa Rica.', N'La importancia ecológica del quetzal radica en su papel como dispersor de semillas en los bosques nubosos, ayudando a la regeneración de estos ecosistemas, y como un indicador clave de la salud del bosque. Su supervivencia está intrínsecamente ligada a la integridad de su hábitat, por lo que proteger al quetzal significa proteger la biodiversidad de los bosques nubosos y los servicios ecosistémicos que brindan, como la regulación climática y la provisión de agua. ', N'En peligro (EN)', N'1'),
(N'Pavón Grande', N'Crax rubra', N'Esta especie tiene una longitud total de entre 34 pulgadas y 38 pulgadas (medida desde la punta del pico hasta el final de la cola). El macho de ave muy grande parecida a un faisán tiene un plumaje negro con una cresta redondeada, plumas recurvadas y una protuberancia amarilla en la base de la mandíbula superior. El vientre y las coberteras de la cola muestran una coloración blanca. La hembra no muestra el botón amarillo en el pico. La cabeza, el cuello y la cresta también son negros, pero están despojados de blanco. La cola también muestra bandas de color beige y marrón y el vientre también está barrado, pero con colores beige y negro.', N'Se puede encontrar en los bosques de tierras bajas.', N'Esta especie ha sido reportada desde el este de México hasta el oeste de Ecuador. Solía estar muy extendido, pero ahora es muy local en Panamá.', N'El pavón grande tiene importancia ecológica por ser una especie clave en su hábitat, actuando como dispersor de semillas, regulador de poblaciones de insectos y como una fuente de proteína para otras especies. Su presencia indica un ecosistema forestal saludable, ya que es sensible a la degradación del hábitat, por lo que su conservación es fundamental para mantener la biodiversidad y el equilibrio del bosque. ', N'En peligro (EN)', N'1'),
(N'Pava Crestada', N'Penelope purpurascens', N'Esta especie tiene una longitud total de entre 34 pulgadas y 35 pulgadas (medida desde la punta del pico hasta el final de la cola). Este pájaro grande tiene una forma alargada, con un cuello y una cola largos. El plumaje es mayoritariamente oliva con una cresta y una garganta roja desnuda característica. El pecho y el pecho tienen rayas blancas claras. La cola y la parte inferior del lomo tienen una coloración más castaña. La pava con cresta generalmente vive en árboles y camina de rama en rama, sola o en parejas. El nido de ramitas sustancial se construye en un árbol o tocón y se alinea con hojas. La hembra pone dos o tres huevos blancos grandes de cáscara rugosa y los incuba sola.', N'Esta especie se puede encontrar en bosques remotos en tierras bajas y estribaciones.', N'Esta especie ha sido reportada desde México hasta el norte de Venezuela y el oeste de Ecuador', N'La importancia ecológica de la pava crestada radica principalmente en su papel como dispersora de semillas y en su valor como indicador de la salud del bosque. Al consumir frutos y bayas, ayuda a la regeneración de los bosques tropicales al transportar y depositar las semillas en nuevas ubicaciones.', N'Vulnerable (VU)', N'1'),
(N'Trogón de Baird o Trogón de Pecho Rojo', N'Trogon bairdii', N'Trogón único con la cabeza y el pecho púrpura oscuros, espalda turquesa, blanco debajo de la cola, pico y anillo ocular azul pálido. No tiene banda blanca entre el pecho y el vientre es de color rojizo. Las hembras son mayormente gris con vientre rojo, anillo ocular azul pálido, pico gris y las finas barras blancas debajo de la cola.', N'Su hábitat natural son los húmedos bosques de las tierras bajas.', N'Se distribuye desde Costa Rica y extremo occidental de Panamá.', N'La importancia ecológica del trogón de Baird radica en su papel como controlador de insectos y dispersor de semillas en los bosques húmedos de tierras bajas de Costa Rica y Panamá. Al alimentarse de insectos y frutas, contribuye al equilibrio de la población de estas especies y a la propagación de plantas a través de sus excrementos, lo que ayuda a mantener la salud y biodiversidad de los ecosistemas.', N'Peligro crítico (CR)', N'1'),
(N'Águila Arpía', N'Harpia harpyja', N'La longitud total de esta especie varía entre 89 cm y 1,2 m (medidos desde la punta del pico hasta el final de la cola). Esta águila muy grande tiene una constitución fuerte y se considera el ave rapaz más poderosa del mundo. Las alas son anchas y esta ave tiene una cola larga. El plumaje consiste en una cabeza y cuello grises que contrastan con la gran cresta negra de dos puntas que le da a esta ave un aspecto real. Las plumas de las partes superiores son negras con los bordes de color gris. Las partes inferiores son blancas con muslos rayados de negro. La cola larga es negra, pero muestra tres grandes bandas grises y una punta gris. Las alas son blancas con bandas negras y tiene las patas amarillas.', N'Habitan en los bosques tropicales húmedos. En Panamá, se encuentra en regiones montañosas del Caribe donde aún existen grandes cantidades de bosques.', N'Se encuentra desde el sur de México hasta el norte de Argentina y el sur de Brasil. En Panamá, se han reportado muy pocos especímenes recientemente en Bocas del Toro y Darién.', N'El águila arpía es ecológicamente crucial como depredador ápice que mantiene el equilibrio en los ecosistemas tropicales. Regula las poblaciones de sus presas (como monos, perezosos y ardillas), evitando que se conviertan en plagas y frenando la propagación de enfermedades. Su presencia también es un indicador de la salud del bosque, ya que requiere grandes extensiones de bosque primario y su protección salvaguarda a innumerables otras especies que comparten su hábitat. ', N'Casi amenazado (NT)', N'1'),
(N'Tangara Azulidorada', N'Bangsia arcaei', N'Mide 15 cm. Tiene ojos rojos, el pico grueso y el costado oscuro. Los adultos presentan la región superior azul oscuro opaco, con la coronilla más brillante y que varía a negruzca en el área dorsal, la garganta es negro azulado opaco en el costado, flancos y muslos. El pecho y el abdomen son amarillo brillante, con un tinte anaranjado en la parte alta del pecho. El pico es negro, el iris es rojo ladrillo y las patas son gris oscuro. Los ejemplares juveniles son similares, pero más opacos y con el iris café.', N'Esta especie habita en selvas húmedas de montañas y de tierras bajas, bordes de bosque y clareras adyacentes.', N'Se distribuye en tres áreas disjuntas: en la pendiente caribeña de Costa Rica desde el extremo sureste de Guanacaste hasta Cartago; en el centro de Bocas del Toro, centro de Chiriquí, Veraguas, y Coclé, en Panamá; y en la región de Cerro Jefe/Cerro Brewster del este de la provincia de Panamá y extremo oeste de San Blas, en Panamá.', N'La importancia ecológica de la Tangara Azulidorada radica en su rol como dispersora de semillas y en su dieta que incluye insectos, lo que ayuda a mantener el equilibrio en su ecosistema forestal. Es un componente clave de la biodiversidad del dosel del bosque, y su presencia puede ser un indicador de la salud del hábitat.', N'Vulnerable (VU)', N'1'),
(N'Zeledonia', N'Zeledonia coronata', N'Es un pájaro regordete, de patas largas, alas redondeadas y cola corta, que tiene una longitud total de unos 11,5 cm. Su plumaje es principalmente gris, con los flancos y las coberteras de las alas verde oliváceas, como los bordes de las plumas de vuelo. Presenta un pequeño penacho eréctil de color amarillo anaranjado flanqueado por listas pileales laterales negras. Su pico es corto y negro, y sus patas de largos tarsos parduzcas.', N'Su hábitat preferido son los carrizales y herbazales húmedos cercanos a las selvas o en su interior.', N'Se encuentra en Costa Rica y el oeste de Panamá.', N'a importancia ecológica del Zeledonia reside en su rol como indicador de la salud ambiental de los bosques tropicales húmedos y como especie clave para el monitoreo de la biodiversidad en ecosistemas vulnerables. Estas aves son fundamentales para la conservación de los hábitats que habitan (ríos y quebradas) y, en general, la riqueza y abundancia de las aves en una región sirve para evaluar la salud de todo el ecosistema.', N'Peligro crítico (CR)', N'1'),
(N'Pinzón-Amarillo Sabanero', N'Sicalis luteola', N'Mide entre 11,5 y 12,5 cm de longitud. Es pardo oliváceo por arriba con la corona y el dorso estriados de negruzco, lorum y área ocular amarillo vivo, rabadilla oliva; ala y cola marrón. Por abajo es amarillo, con el pecho lavado de pardo. La hembra es más marrón por arriba y pardusca por abajo. Subcaudales blanquecinas; primarias negruzcas con ribete verdoso en la parte exterior; cobertoras pardo negruzco con bordes grisáceos, las pequeñas amarillentas.', N'Es común en sus hábitats naturales: pastizales subtropicales y tropicales, sabanas y humedales (pantanos, ciénagas). También habita áreas cultivadas y zonas urbanas y arboledas.', N'Se distribuye como residente reproductor de forma disjunta y local desde el centro de México, en Belice, Guatemala, Honduras, Nicaragua, Costa Rica, Panamá, hacia el sur por regiones andinas de Colombia, Ecuador, hasta el sureste de Perú; hacia el este desde el este de Colombia al noreste de Venezuela, en los tepuyes del sureste de Venezuela, extremo norte de Brasil y sur de Guyana; en el litoral caribeño de Guyana, Surinam y Guayana.', N'El pinzón amarillo sabanero es importante ecológicamente por ser un dispersor de semillas y por su rol en el control de plagas. Su dieta, que incluye semillas e insectos, lo convierte en un elemento clave para el equilibrio de su ecosistema, y también forma parte de la cadena alimentaria para otros animales.', N'Peligro crítico (CR)', N'1'),
(N'Dacnis Esmeraldino o Aguamarina', N'Dacnis viguieri', N'Mide 11,5 cm de longitud. El plumaje del macho es de color aguamarina, con la grupa más azulada; mancha en la espalda, lores y cola negros; alas verdes con primarias negras. La hembra presenta partes superiores color verde opaco; partes inferiores amarillo verdoso claro con matices verde oliva a los lados; alas verdes opacas con primarias negras y cola negra.', N'Esta especie es considerada rara a poco común en sus hábitats naturales: el dosel y los bordes de bosques húmedos y crecimientos secundarios de tierras bajas y del piedemonte.', N'Se encuentra en una pequeña región del extremo oriental de Panamá (Darién) y extremo noroccidental de Colombia (norte de Chocó, noroeste de Antioquia, suroeste de Bolívar).', N'La importancia ecológica del dacnis esmeraldino radica en su papel como indicador de la salud del ecosistema forestal y su contribución a la polinización y dispersión de semillas, ayudando a mantener la salud y diversidad de las plantas en su hábitat. Como parte de la red trófica, también influye en las poblaciones de insectos y sirve de alimento para otros depredadores, contribuyendo al equilibrio ecológico de los bosques húmedos que habita.', N'En peligro (EN)', N'1')

--Mamiferos
INSERT INTO Animal
VALUES 
(N'Jaguar', N'Panthera onca', N'El jaguar es el felino más grande de América y el tercero más grande del mundo. Su cabeza es voluminosa, tiene la mandíbula prominente, el color de sus ojos varía de amarillo oro a un amarillo verdoso y sus orejas son relativamente pequeñas y redondeadas. Un jaguar adulto puede llegar a medir entre 1.12 y 1.70 m de largo, sin incluir la cola, que oscila entre los 45 y 75 cm de largo, y alcanza 60 cm a la altura de los hombros. Llegan a pesar alrededor de 60 o 70 Kg. Sin embargo, se han encontrado animales muy grandes de hasta 1.85 m de largo, 75 cm de alto y un peso de hasta 136 Kg. El color del jaguar por lo general va de amarillo a naranjarojizo con pintas negras, las cuales se presentan en patrones circulares en forma de rosetas y es diferente en cada individuo, como las huellas digitales de los humanos. Sus colmillos son relativamente más grandes que los de otros felinos de similar tamaño.', N'El jaguar prefiere vivir en bosques densos, donde frecuenta los ríos y otros depósitos de agua dulce. Sin embargo, también se le puede encontrar en sabanas húmedas, zonas semiáridas, bosques secos, bosques de montañas y manglares. Por lo general se encuentra desde el nivel del mar hasta los 1,200 metros de elevación, sin embargo, se le ha encontrado hasta los 3,800 metros.', N'Actualmente es muy fragmentada, se extiende desde el norte de México, gran parte de Centroamérica hasta el Perú, Paraguay y Brasil. Quedan también pequeñas poblaciones al noroeste de Argentina.', N'La importancia ecológica del jaguar radica en su papel como depredador ápice, que ayuda a mantener el equilibrio en su ecosistema al controlar las poblaciones de otras especies, especialmente herbívoros. Su presencia es un indicador de la salud del ecosistema y su conservación protege la biodiversidad en general, actuando como una especie sombrilla que ayuda a preservar vastas extensiones de hábitat y los procesos ecológicos que sustentan otras formas de vida.', N'En peligro (EN)', N'2'),
(N'Puma', N'Puma concolor', N'En estado adulto esta especie alcanza entre 200 y 240 cm de longitud y pesa entre 35 y 65 kg. El puma es un félido comparativamente robusto y de patas relativamente cortas. Las orejas son redondeadas. La cola es larga y representa cerca de un tercio de la longitud total del animal. El pelaje es variable en longitud y textura, aunque normalmente corto y algo áspero, de color uniforme, pardo grisáceo claro a pardo obscuro rojizo. Los lados del rostro, la parte trasera de las orejas y el extremo de la cola son obscuros. El frente de la boca, la garganta y el vientre son de color blanquecino cremoso.', N'Es una especie sumamente tolerable a gran variedad de climas y hábitat, esa plasticidad le permite estar presente en casi todos los ambientes. Se encuentra en todo tipo de ambientes desde montes, bosques, selvas húmedas o cercanías de áreas palustres, zonas áridas, terrenos quebrados, serranías y montañas.', N'Esta especie tiene una amplísima distribución desde el oeste de Canadá y de Estados Unidos de América, por todo México hasta la Patagonia. Incluye países de América Central y del Sur tales como Belice, Costa Rica, El Salvador, Honduras, Guatemala, Nicaragua, Panamá, Argentina, Bolivia, Brasil, Chile, Colombia, Ecuador, Guyana, Paraguay, Perú, Surinam y Venezuela.', N'La importancia ecológica del puma radica en su rol como depredador tope, el cual regula las poblaciones de herbívoros como venados y guanacos, previniendo el sobrepastoreo y permitiendo la regeneración de la vegetación. Al mantener saludables los ecosistemas, el puma también beneficia a otras especies al crear indirectamente alimento para carroñeros y reducir el daño ecológico. Su presencia es un indicador de un entorno saludable y su conservación es crucial para la biodiversidad.', N'Peligro crítico (CR)', N'2'),
(N'Manigordo u Ocelote', N'Leopardus pardalis', N'En estado adulto esta especie alcanza entre 200 y 240 cm de longitud y pesa entre 35 y 65 kg. El puma es un félido comparativamente robusto y de patas relativamente cortas. Las orejas son redondeadas. La cola es larga y representa cerca de un tercio de la longitud total del animal. El pelaje es variable en longitud y textura, aunque normalmente corto y algo áspero, de color uniforme, pardo grisáceo claro a pardo obscuro rojizo. Los lados del rostro, la parte trasera de las orejas y el extremo de la cola son obscuros. El frente de la boca, la garganta y el vientre son de color blanquecino cremoso.', N'Habitando gran variedad de ecosistemas, desde bosque húmedo y seco tropical hasta zonas de manglares, áreas inundables y desérticas.', N'El ocelote está presente desde el sur de Estados Unidos, occidente y oriente de México hasta Sudamérica. Está en todos los países de América continental, el norte y noreste de Argentina y de Paraguay.', N'La importancia ecológica del ocelote radica en su rol como depredador clave que regula las poblaciones de pequeñas presas como roedores y aves, manteniendo el equilibrio del ecosistema. Al controlar estas poblaciones, previene el agotamiento de recursos naturales y es un excelente indicador de la salud del bosque, ya que su presencia demuestra un ecosistema saludable y una cadena trófica intacta.', N'Peligro crítico (CR)', N'2'),
(N'Tigrillo o Margay', N'Leopardus wiedii', N'Es más pequeño que el ocelote y tiene la cola más larga que la pata trasera; generalmente tiene las manchas del dorso y de los costados más pequeñas y no visiblemente alineadas o cuadrangulares; además los pies pueden ser finamente manchados.', N'Puede habitar en una diversidad de ambientes, principalmente tropicales, pero también templados. Está asociado básicamente a ambientes boscosos, como bosques tropicales húmedos y secos, bosque de encinos y bosque mesófilo de montaña.', N'Se distribuye desde el norte de México hasta el norte de Argentina.', N'La importancia ecológica del tigrillo radica en su papel como depredador de especies más pequeñas, lo que ayuda a mantener el equilibrio de las poblaciones de mamíferos, aves y reptiles, y contribuye a la salud del ecosistema en general. Además, actúa como un indicador de la salud del medio ambiente, ya que su presencia demuestra que un hábitat es saludable y bien conservado. Su conservación también es fundamental para la protección de su hábitat, que incluye bosques y fuentes de agua.', N'Peligro crítico (CR)', N'2'),
(N'Jaguarundi', N'Herpailurus yagouaroundi', N'La longitud total de este félido puede variar entre 86 y 125 cm y el peso entre 4.5 y 9 kg. La cola puede ser casi tan larga como el cuerpo. El aspecto general de esta especie es alargado y esbelto, con pies pequeños y algo angostos para ser un gato. El pelaje es corto y un tanto áspero. El color del dorso puede ser pardo o grisáceo obscuro uniforme, con cierta entremezcla de pelos más claros, o bien puede ser pardo rojizo o pardo amarillento. La cabeza es relativamente pequeña y las orejas de aspecto truncado-redondeado, poco prominentes para ser un felino. El vientre tiene un color similar al del dorso o en todo caso puede ser solamente un poco más claro. Jóvenes: algunos presentan aspecto moteado y otros tienen un aspecto semejante al de los adultos.', N'Puede habitar en una diversidad de ambientes, principalmente tropicales, pero también templados: bosques tropicales húmedos y secos, pastizales arbolados, chaparral, bosque de encinos, bosque de pino-encino y bosque mesófilo de montaña; en general habita ambientes más abiertos que otros felinos pequeños, y comúnmente se encuentra en mayor medida en la orilla del bosque.', N'El jaguarundi existe desde los extremos sureste y suroeste de los Estados Unidos de América, extendiéndose por ambas costas cálido-húmedas de México hasta Argentina y pasando por países como Belice, Bolivia, Brasil, Colombia, Costa Rica, El Salvador, Guayana Francesa, Guatemala, Guyana, Honduras, Nicaragua, Panamá, Paraguay, Perú, Surinam y Venezuela.', N'La importancia ecológica del jaguarundi radica en su papel como depredador que controla las poblaciones de pequeños mamíferos y aves, manteniendo el equilibrio en la cadena alimentaria y la biodiversidad del ecosistema. Al ser un depredador intermedio, su presencia es un indicador de un hábitat sano y funcional. Además, su rol de especie "paraguas" significa que su conservación beneficia a otras especies que comparten su hábitat.', N'Vulnerable (VU)', N'2'),
(N'Venado de Cola Blanca', N'Odocoileus virginianus', N'El venado cola blanca es una especie constituida por muchas subespecies (cerca de 38) que difieren notoriamente en tamaño. En áreas tropicales tienden a ser pequeños; los adultos miden entre 60 y 114 cm de altura a los hombros y pesan entre 30 y 50 kg. La espalda tiene un aspecto recto cuando el animal levanta la cabeza. El color general es pardo rojizo o pardo grisáceo. La garganta tiene un área blanquecina, que se continúa bajo la mandíbula excepto por un área negra bajo la comisura de la boca; el mentón es blanco. El ojo está bordeado de blanco y el rostro es claro en el extremo, atrás de la nariz. El vientre es blanquecino. La cola es parda por arriba, pero muy blanca abajo. Los machos presentan astas una parte del año; estas tienen varias ramificaciones, que parten de una gruesa rama inferior dirigida hacia adelante.', N'Se encuentra en diferentes ecosistemas de América, desde los canadienses, en la región subártica, pasando por los bosques secos de las laderas montañosas de México, las selvas húmedas tropicales de América Central y del Sur, hasta los bosques secos ecuatoriales del norte del Perú y otras áreas boscosas sudamericanas.', N'El venado cola blanca se encuentra desde el oeste y el sur de Canadá, los Estados Unidos de América, México, los países de América Central, Bolivia, las Guayanas y el norte de Brasil.', N'El venado cola blanca es ecológicamente importante como dispersor de semillas y regulador de la vegetación, al formar parte de la red alimenticia como presa de grandes depredadores y como fuente de alimento para carroñeros y otros animales. Su presencia también sirve como indicador de la salud de un ecosistema.', N'Vulnerable (VU)', N'2'),
(N'Tapir Centroamericano', N'Tapirus bairdii', N'Alcanza entre 2 y 2,2 m de longitud, 1 m de alzada y 300 kg de peso. Presenta crin corta, hocico largo y robusto con una característica nariz en forma de trompa, pelaje pardo a grisáceo, el borde de la oreja blanco y el del labio blancuzco a grisáceo. La gestación dura 400 días y nace una cría de aproximadamente 10 kilogramos, la cual es capaz de caminar y seguir a la madre en unos 15 minutos luego de su nacimiento. La cría pasará más de un año con su madre hasta alcanzar 2/3 del tamaño de ella.', N'Esta especie prefiere los bosques tropicales húmedos y viven siempre cerca de algún curso de agua.', N'Solían habitar desde el centro de México hasta el noroeste de Colombia, pero su hábitat se vio reducido por la caza, la fragmentación de su hábitat.', N'El tapir centroamericano es ecológicamente crucial porque actúa como "jardinero del bosque" al dispersar semillas, mantener la biodiversidad y ayudar en la regeneración de los bosques. Su dieta herbívora y su rol como dispersor de semillas de gran tamaño son fundamentales para la salud de los ecosistemas neotropicales. Además, su capacidad para transitar por paisajes alterados lo convierte en una especie clave para crear corredores biológicos y para la restauración natural de áreas degradadas.', N'Peligro crítico (CR)', N'2'),
(N'Pecarí de Collar', N'Pecari tajacu', N'Los adultos tienen una longitud de cabeza y cuerpo entre 80 y 100 cm, a los que se agregan entre 1 y 10 cm de la cola. Pueden pesar entre 15 y 30 kg. El cuerpo es compacto, con la cabeza grande en perfil y con las extremidades finas. El pelaje es pardo grisáceo, de textura gruesa y rígida, con pelos más largos en el dorso y en la cabeza, a manera de crin. Presenta un collar de pelo más amarillento y el mismo color puede hallarse presente en las mejillas. Ambos sexos presentan una glándula en el dorso, que produce una secreción de olor fuerte.', N'Se encuentra en los montes xerófilos y desérticos, pastizales tropicales y subtropicales, montes bajos, sabanas y pastizales inundados, bosques de hojas anchas tropicales y subtropicales, como en otros hábitats.', N'Se distribuye desde el sur de Estados Unidos hasta el norte de Argentina.', N'El pecarí de collar es ecológicamente importante porque participa en la dispersión de semillas, ayuda a modificar el paisaje a través de la excavación y es un eslabón crucial en la cadena alimenticia. Su forrajeo contribuye a mantener la biodiversidad y la estructura de los ecosistemas, mientras que su papel como presa de grandes depredadores ayuda a regular el equilibrio ecológico.', N'Vulnerable (VU)', N'2'),
(N'Pecarí Barbiblanco', N'Tayassu pecari', N'Es un pecarí robusto, que en estado adulto mide entre 90 y 139 cm de cabeza y cuerpo, más 1 a 6.5 cm de cola. El peso puede variar entre 22 y 40 kg. En perfil, el cuerpo es compacto y con cabeza grande de rostro largo. El pelaje es negruzco y de textura muy áspera, más largo en el centro de la espalda desde donde cae hacia los lados. El rasgo característico es un área de pelaje blanquecino en los labios, que se proyecta hacia la mandíbula inferior.', N'Prefiere la fronda cerrada y los ámbitos perhúmedos: alrededor del 60 % vive en los bosques tropicales húmedos.', N'Se encuentra desde el extremo sureste de México, en Chiapas y la base de la Península de Yucatán; continúa por la vertiente del Caribe de Guatemala, Honduras y Nicaragua, y de allí se extiende a Panamá y a la vertiente occidental de Colombia y Ecuador; ocupa la muy amplia Cuenca del Amazonas hasta casi el sur de Brasil y en el Chaco de Paraguay y Argentina; su límite occidental lo establece la presencia de la Cordillera de los Andes.', N'El pecarí barbiblanco tiene una importancia ecológica crucial como ingeniero del ecosistema y dispersor de semillas. Al hozar el suelo para alimentarse, modifica la estructura del bosque, ara la tierra y crea hábitats para otros animales. Además, juega un papel vital en la cadena trófica como presa para grandes felinos como el jaguar.', N'En peligro (EN)', N'2'),
(N'Conejo Pintado', N'Cuniculus paca', N'Este roedor mide entre 63 y 82 cm de longitud y llega a pesar entre 5 y 13 kg. Tiene cuerpo robusto, con orejas cortas y cabeza grande y compacta. Las ancas son mucho más elevadas que los hombros. La cola es tan corta que no se distingue a primera vista. El pelaje es áspero, dorsalmente pardo, castaño o pardo rojizo, con alrededor de tres series laterales de manchas blancas, más o menos redondeadas y con bordes irregulares; el vientre es más claro. También tiene manchas blancas sobre los muslos. El vientre es blanquecino. Tiene las mejillas ensanchadas debido a una placa de hueso ensanchada y prominente en el maxilar; la nariz es alargada y con las fosas proyectadas hacia los lados. Las orejas son prominentes, delgadas y básicamente desnudas. Las patas traseras son alargadas y tienen 5 dedos claramente diferenciados; éstos terminan en uñas robustas que casi parecen pezuñas.', N'Está presente en bosques de tierra firme e inundados, de vegetación primaria, secundaria, alterada, bordes de bosque, bosques de galería e incluso huertos, tienen preferencia a áreas cercanas a fuentes de agua.', N'Ocupa desde el sureste de San Luis Potosí en México hasta Paraguay, incluyendo las Guayanas y el sur de Brasil. Es menos común en el este de Brasil.', N'La importancia ecológica de la paca (o conejo pintado) radica principalmente en su papel como dispersora de semillas en los ecosistemas tropicales y su función como eslabón en la cadena trófica. Al alimentarse de frutos y semillas, ayuda a mantener la diversidad de la vegetación y contribuye a la regeneración de los bosques.', N'En peligro (EN)', N'2'),
(N'Manatí', N'Trichechus manatus', N'Los adultos de esta especie de manatí alcanzan longitudes totales de entre 3.5 y 5 metros y pesos cercanos a los 1000 kg. El cuerpo es subcilíndrico y es más ancho en la parte media. Las aletas pectorales tienen forma de remo y tienen uñas rudimentarias. La cola tiene forma de pala y se encuentra en posición horizontal. El pelo es muy escaso y apenas visible, excepto por los bigotes que son prominentes. El rostro es muy ancho, la abertura de la boca es pequeña y los labios son gruesos, separables y notablemente móviles. El color general de la piel es grisáceo parduzco.', N'Generalmente en las zonas costeras con aguas poco profundos. Toleran grandes cambios en la salinidad del agua, por lo que se les puede encontrar de la misma manera en los ríos y los estuarios de zonas bajas.', N'Desde Virginia (Estados Unidos de América) hasta Brasil, incluyendo Belice, Colombia, Costa Rica, Guayana Francesa, Guyana, Honduras, México, Nicaragua, Panamá, Surinam, Venezuela y las Indias Occidentales (Bahamas, Cuba, República Dominicana, Haití, Jamaica y Puerto Rico).', N'La importancia ecológica del manatí radica en su rol como herbívoro que ayuda a mantener el equilibrio de los ecosistemas acuáticos, ya que consume grandes cantidades de vegetación acuática. Además, actúa como un "jardinero" del ecosistema al fertilizar los cuerpos de agua con sus heces y distribuir semillas, lo que fomenta la biodiversidad y la salud de la flora acuática y los arrecifes de coral. También puede ayudar a mantener los ríos limpios y navegables, y son un indicador de la salud del ecosistema.', N'En peligro (EN)', N'2'),
(N'Delfín Nariz de Botella', N'Tursiops truncatus', N'La longitud total de esta especie varía entre 1,9 m y 4 m, las diferencias de tamaño suelen estar relacionadas con diferencias de hábitat. Pesa una media de 500 kg. Su coloración es gris, variando desde gris oscuro en la parte superior cerca de la aleta dorsal, hasta gris muy claro y casi blanco en la parte inferior. Además, el nombre común de este delfín proviene del hecho de que las mandíbulas superior e inferior alargadas forman una tribuna o un hocico en forma de pico. Sin embargo, su verdadera nariz es el espiráculo en la parte superior de su cabeza. Cada una de las dos mandíbulas posee de 18 a 28 dientes cónicos en cada lado. También es interesante notar que la aleta dorsal y los lóbulos de la cola (aletas) no están hechos de huesos o músculos, sino que están formados por tejido conectivo denso. Este delfín puede transportarse impulsándose hacia adelante moviendo las grandes aletas de la cola hacia arriba y hacia abajo.', N'Se encuentran en los mares cálidos y templados de todo el mundo y pueden encontrarse en todos los océanos a excepción del Ártico y el Antártico.', N'Su área de distribución incluye el Mar Negro (Bulgaria, Ucrania, Rusia, Georgia y Turquía). Frecuenta mares costeros del Índico, del Pacífico Oriental, de Indonesia y de Australia.', N'La importancia ecológica del delfín nariz de botella radica en su papel como depredador tope que ayuda a regular las poblaciones de peces y calamares, manteniendo el equilibrio del ecosistema marino. Además, actúa como especie sombrilla, ya que su conservación protege a otras especies que comparten su hábitat y, de forma más indirecta, su presencia indica la salud general del océano y contribuyen al ciclo del carbono.', N'Vulnerable (VU)', N'2'),
(N'Mono Araña Colorado', N'Ateles geoffroyi', N'Esta especie alcanza entre 94 y 150 cm de longitud total (la cola representa desde 50 hasta 75% de esa longitud). Puede llegar a pesar entre 6.5 y 9 kg. Los brazos y piernas son muy largos y de apariencia delicada, pero musculosos. La cabeza es pequeña y redondeada. El dedo pulgar es apenas un vestigio; el resto de los dedos se acomodan juntos dando a la mano una forma de gancho. La coloración del dorso puede variar entre pardo obscuro, pardo rojizo y pardo grisáceo, frecuentemente más claro hacia los costados y las piernas, y en algunos individuos más aún en el vientre. La cara es de tono grisáceo o negruzco y con áreas de color rosado pálido o rosado grisáceo alrededor de los ojos y la boca.', N'Habita en varios tipos de bosque, que incluyen selva lluviosa, semidecidua y manglares. La densidad más alta de animales se encuentra en áreas de vegetación perennifolia.', N'Solamente habita en Mesoamérica. Desde el sureste de México hasta Panamá. Se tienen registros de su presencia en los remanentes boscosos de Puerto Armuelles adyacentes a Costa Rica, Cerro Bruja (Portobelo), Cerro Azul, cabecera del Chagres, Chepigana.', N'El mono araña colorado tiene una gran importancia ecológica como dispersor de semillas, ya que su dieta contribuye a la regeneración de los bosques tropicales y a mantener la diversidad de la selva. Es un indicador del estado de salud de su ecosistema y su conservación es fundamental para la dinámica de los bosques.', N'Peligro crítico (CR)', N'2'),
(N'Mono Araña Negro', N'Ateles fusciceps', N'Especie de mono del Nuevo Mundo, bastante grande, grácil y muy ágil. Tiene el cuerpo largo, la cabeza pequeña y extremidades largas. La longitud de la cabeza y el cuerpo es de 39 a 58 cm. La cola es mucho más larga que el cuerpo, mide entre 60 y 89 cm. El peso corporal se encuentra entre 5 y 7 kg, aunque ejemplares grandes pueden pesar hasta cerca de 10 kg. Los brazos y las piernas son largos y los utilizan para treparse y sujetarse de las ramas con gran facilidad. Las manos sólo tienen 4 dedos. Al igual que en los otros miembros de la familia, el dedo pulgar prácticamente ha desaparecido. La cola es prensil y la utiliza para balancearse sobre los árboles en busca de alimento o para desplazarse entre las ramas como si fuera una extremidad adicional. La parte interior de la cola, desde la mitad hasta la punta, no tiene pelos y ahí la piel tiene la misma textura que la de las palmas de las manos. La piel es negra, el cuerpo cubierto por un pelaje completamente negro o café oscuro. Presentan pelos blancos alrededor de la nariz y la boca.', N'Ocupa bosques secos, húmedos y nubosos, tropicales y subtropicales, tanto densos como intervenidos. Se encuentra desde los 100 a los 2500 m sobre el nivel del mar.', N'La especie está presente desde Costa Rica, pasando por Panamá y en varios países de América del Sur como Ecuador, Venezuela, Colombia, Paraguay, Argentina, Brasil y Perú. La subespecie rufiventris va desde el centro de Panamá hasta Colombia y Ecuador.', N'La importancia ecológica del mono araña negro radica en su papel fundamental como dispersor de semillas, lo que contribuye a la regeneración y diversidad de la selva tropical. Al alimentarse principalmente de frutas, transportan y dispersan las semillas a través de sus excrementos, permitiendo la reforestación natural. Además, son considerados organismos indicadores del estado de salud del ecosistema y sus letrinas sirven como áreas de alta calidad para otras plantas y animales.', N'Vulnerable (VU)', N'2'),
(N'Mono Aullador', N'Alouatta palliata', N'Este primate mide entre 99 y 125 cm de longitud total (la cola representa más de la mitad de la longitud). Puede pesar entre 5 y 8 kg y los machos son más corpulentos que las hembras. El cuerpo es robusto para su tamaño, particularmente en los hombros. El pelaje del cuerpo no es demasiado largo, pero sí denso; el color base es negruzco, pero en los adultos existen áreas de pelo amarillento dorado o castaño dorado en los lados y, a veces, en la parte baja de la espalda. La cara es de color obscuro y está rodeada por un área con pelo más largo y denso, que suele formar una barba prominente, mucho más notoria en los machos. La cola es prensil y desnuda en la parte inferior del extremo.', N'Se encuentra en gran variedad de bosques, principalmente en bosques perennes de baja altura, también se halla en manglares, bosques secos caducifolios y bosque intervenidos', N'Esta especie está prácticamente restringida a América Central y el extremo norte de América del Sur, desde Veracruz y Oaxaca, en México, hasta el oeste de Ecuador. Existen poblaciones de esta especie en la Península de Burica, la Cuenca del Canal, el Golfo de Chiriquí, el Parque Internacional La Amistad, Parque Nacional Volcán Barú.', N'La importancia ecológica del mono aullador radica en su papel crucial como dispersor de semillas, lo que contribuye a la regeneración y diversidad de los bosques tropicales. También funcionan como organismos indicadores, ya que su presencia o ausencia puede señalar el estado de salud del ecosistema.', N'Vulnerable (VU)', N'2'),
(N'Mono Cariblanco', N'Cebus capucinus', N'La longitud de cabeza y cuerpo de los adultos es de entre 33 y 45 cm; la cola, entre 35 y 55 cm. Pueden pesar entre 1 y 4 kg. Los machos suelen ser más grandes que las hembras. El pelaje base de la coronilla y la parte posterior del cuerpo y cola es negruzco; contrasta con el color blanquecino-amarillento del pelaje de las orejas, alrededor de la cara, los hombros y los brazos (los antebrazos son negruzcos). La parte desnuda de la cara es de color rosado y muestra las fosas nasales muy separadas.', N'Se compone de varios tipos de bosques, incluyendo bosques maduros y bosques secundarios, entre ellos los bosques de hoja perenne y hoja caduca. También se encuentra en remanentes de bosques y en sitios con grandes concentraciones de palmas.', N'Es el único mono capuchino en América Central, desde Honduras en el norte, a través de Nicaragua, Costa Rica y Panamá y a través del Chocó-Darién hasta Colombia.', N'La importancia ecológica del mono cariblanco radica en su rol como dispersor de semillas y polen, lo que ayuda a la regeneración de los bosques. Además, se alimenta de insectos plaga y consume frutas, contribuyendo al equilibrio del ecosistema. Su presencia también es un indicador de la salud del ecosistema.', N'En peligro (EN)', N'2'),
(N'Mono Tití', N'Saguinus geoffroyi', N'Este animal tiene el pelaje dorsal con rayas de color amarillo, café y negro. Su vientre es de color blanco. Su cara está casi descubierta de pelaje y tienen la coronilla triangular y de pelaje corto de color blanco, mientras que la nuca es de color rojizo. Su cola es roja y la punta es de color negro. Alcanzan una estatura de entre 247 y 252 mm y pesan alrededor de 545 g.', N'Ocupan bosques secos y tropicales húmedos, primarios y secundarios. Prefieren bosques de crecimiento secundario con grandes árboles. A menudo se les ve cerca de áreas de rotación de cultivos.', N'Su distribución se extiende desde área central del Istmo de Panamá (Coclé y Colón) hasta Colombia.', N'La importancia ecológica del mono tití radica en su papel como dispersor de semillas y controlador de poblaciones de insectos, lo que contribuye a la salud y diversidad de los ecosistemas tropicales. Al consumir frutas, dispersan las semillas a través de sus heces, promoviendo la regeneración de la vegetación y el crecimiento de nuevos árboles, que a su vez ayudan a mantener la calidad del aire al capturar CO2. Además, al comer insectos, ayudan a controlar el crecimiento de estas poblaciones y su dieta mixta influye en la estructura del bosque.', N'Vulnerable (VU)', N'2'),
(N'Mono Ardilla', N'Saimiri oerstedii',N'La longitud del cuerpo con la cabeza alcanza entre 26 y 33 cm, la cola entre 36 y 39 cm. Pesa entre 0,5 y 1,1 kg. La hembra es más pequeña que el macho. La cara tiene una máscara blanca, las orejas y el pecho son blancuzcos, en contrastante con el hocico, ojos y la corona, que son de color negro; los hombros son de color pardo a gris amarillento, la espalda es de color castaño rojizo a anaranjado y las patas de color gris, con las manos y patas anaranjadas; el vientre es blanquecino a color crema; mientras los flancos y la cola son de color amarillento; los muslos y la base de la cola son de color marrón amarillento a pardo olváceo y la punta de la cola es negruzca.', N'Los bosques primarios, secundarios, manglares y bosque de galería. También forrajean en zonas de cultivo ubicadas a lo largo de corrientes de agua.', N'Pacífico Central de Costa Rica y el extremo SW Panamá, en las tierras bajas hasta 1400 m. La distribución más oriental comprobada de Saimiri dentro de Panamá llega hasta el oriente del distrito de David, en la Provincia de Chiriquí.', N'La importancia ecológica del mono ardilla es su rol como dispersor de semillas, lo que contribuye a la diversidad y reforestación de las selvas. También ayudan a mantener el equilibrio de la cadena alimentaria, ya que su dieta omnívora (frutas, insectos, etc.) controla poblaciones de otros organismos y sirve de alimento para depredadores como aves rapaces y mamíferos carnívoros.', N'Vulnerable (VU)', N'2')

--Reptiles
INSERT INTO Animal
VALUES
(N'Tortuga Caguama o Cabezona', N'Caretta caretta', N'Es la tortuga con caparazón duro más grande del mundo. Los adultos tienen un rango de peso medio de 80 a 200 kg y una longitud de 70 a 95 cm. El peso máximo registrado es de 545 kg y la longitud máxima registrada del caparazón es 213 cm. La cabeza y la parte superior del caparazón tiene un color que puede variar desde amarillonaranja hasta marrón-rojizo, mientras que el plastrón (parte inferior) es típicamente de color amarillo pálido. El cuello y los costados de la tortuga son de color marrón en la parte superior y amarillo en los lados y la parte inferior.', N'Pasa la mayor parte de su vida en el mar y en aguas costeras poco profundas. Rara vez sube a la costa, con excepción de breves visitas de las hembras para excavar nidos y depositar sus huevos.',N'Tiene una distribución cosmopolita, reproduciéndose en el más amplio rango geográfico de todas las tortugas marinas. Habita en el océano Atlántico, Índico, Pacífico y el mar Mediterráneo.',N'La tortuga caguama es ecológicamente importante porque participa en la cadena alimenticia marina al consumir una variedad de invertebrados, como moluscos y crustáceos. Además, juega un rol en el mantenimiento de hábitats como los arrecifes de coral y las playas de anidación, y sus migraciones ayudan a distribuir nutrientes a lo largo de grandes distancias. ' ,N'En peligro (EN)', N'3'),
(N'Tortuga Verde', N'Chelonia mydas', N'La apariencia de una tortuga verde es la típica de una tortuga marina. Chelonia mydas tiene un cuerpo dorsoventral aplanado, una cabeza con cuello corto, aletas con forma de remo adaptadas para el nado. Las tortugas verdes adultas pueden crecer hasta 1,66 m de longitud. A pesar de que se han capturado tortugas con un peso de hasta 315 kg, el peso promedio de una tortuga verde adulta oscila los 200 kg. El caparazón de la tortuga es conocido por tener varios patrones de colores que cambian a través del tiempo. Las tortuguitas C. mydas, al igual que otras tortugas marinas, tienen caparazones predominantemente negros, con conchas de colores claros. Los caparazones de los jóvenes son café oscuro o verde oliva, mientras que los de las tortugas adultas con completamente café, manchados o con una variedad de rayos. Debajo, la concha de la tortuga tiene una tonalidad de amarillo. Las extremidades de C. mydas poseen una tonalidad oscura delineada con amarillo, y son usualmente marcadas con una gran mancha café en el centro de cada extremidad.', N'Las tortugas verdes alternan en tres distintos tipos de hábitat, dependiendo de las etapas de su vida. Las playas de anidación son los lugares donde regresan para poner sus huevos. Las tortugas marinas adultas pasan la mayor parte de su tiempo en aguas costeras poco profundas ricas en pasto marino.', N'se extiende por los océanos tropicales y subtropicales de todo el mundo. Existen dos grandes subpoblaciones de C. mydas: la subpoblación del Atlántico y la del Pacífico. Cada subpoblación es genéticamente distinta, con sus propios territorios de alimentación y anidación.', N'La tortuga verde es ecológicamente crucial porque mantiene la salud de las praderas marinas al pastar, lo que promueve su crecimiento y sirve como viveros para otros peces. Además, sus nidos fertilizan las playas, sus migran transportan nutrientes y los huevos y las crías son fuente de alimento para otros animales en la cadena trófica.', N'En peligro (EN)', N'3'),
(N'Tortuga Lora', N'Lepidochelys olivacea', N'Mide aproximadamente de 60 a 70 cm; de adultos presentan un color verde olivo. El caparazón tiene forma de corazón o redondeado. Su longitud promedio en los adultos es de 67 cm, con un peso promedio aproximadamente de 38 kg. La cabeza es subtriangular y mediana; el caparazón se compone de cinco pares, con un máximo de 6 a 9 divisiones por lado; los márgenes son lisos; el caparazón es oscuro en color verde oliva, con una superficie inferior de color amarillo.', N'Se encuentra en aguas tropicales del Pacífico, Índico y Atlántico del Sur y prefiere alimentarse en aguas costeras, principalmente bahías y estuarios.', N'Predomina una mayor concentración de ellas en Venezuela, México, Guatemala; Honduras, El Salvador, Nicaragua, Costa Rica, al sur de Panamá y Colombia. También se encuentra en Ecuador, Perú y el norte de Chile.', N'La lora o golfina es ecológicamente importante porque participa en la red trófica, controla poblaciones de otros organismos y mantiene la salud de los ecosistemas marinos. Al alimentarse de una gran variedad de invertebrados marinos, ayuda a controlar sus poblaciones, y durante sus anidaciones masivas ("arribadas"), provee alimento a otros animales como cangrejos y aves en las playas, beneficiando a la cadena alimenticia en general.' ,N'En peligro (EN)', N'3'),
(N'Tortuga Carey', N'Eretmochelys imbricata', N'Su nombre común en inglés significa pico de halcón, debido a la forma de pico de su mandíbula superior. Tiene una cabeza relativamente estrecha (mide aproximadamente 12 cm. de ancho) con dos pares de escamas pre-frontales. Su caparazón tiene forma ovalada, escudos gruesos y superpuestos, un margen posterior marcadamente aserrado y cuatro pares de escudos costales; los escudos superpuestos son una característica única de la tortuga carey. Estos presentan una fuerte pigmentación de variaciones de anaranjado, amarillo y café, por lo cual son muy codiciadas. Su plastrón es de color amarillo pálido a blanco. La tortuga carey es una de las más pequeñas de todas las tortugas marinas, midiendo hasta 90 cm. de longitud y alcanzando hasta 80 kg. Sus aletas delanteras son de longitud mediana en comparación con las de otras especies; además tienen dos uñas en cada aleta.', N'Los adultos se encuentran principalmente en arrecifes de coral tropicales. También se las puede encontrar en una amplia variedad de hábitats, desde el mar abierto hasta lagunas y manglares en estuarios.', N'Tiene una amplia área de distribución, y se la puede encontrar principalmente en aguas tropicales de los océanos Índico, Pacífico y Atlántico.', N'La tortuga carey es ecológicamente crucial porque mantiene la salud de los arrecifes de coral al alimentarse de esponjas que competirían con los corales por el espacio. Su dieta de esponjas, gracias a su pico puntiagudo, ayuda a controlar estas especies y permite que los corales prosperen, manteniendo así la biodiversidad del ecosistema arrecifal.', N'Peligro crítico (CR)', N'3'),
(N'Tortuga Baula o Laúd', N'Dermochelys coriacea', N'Es la mayor de todas las tortugas actuales, y muy diferente del resto, tanto en su apariencia como en su fisiología. El caparazón puede llegar a superar los dos metros, es de tipo mosaico y presenta un total de siete quillas en el dorso y el vientre. Esta concha no está formada por escudos óseos, sino que está hecha de tejido conectivo blando. En el caparazón no se observa el pecho ni el afilado borde lateral, solo una suave curva que da una apariencia semicilíndrica al animal. Las aletas delanteras son mucho más largas que en todas las demás tortugas, tanto proporcionalmente como en tamaño bruto. En los individuos adultos, la distancia de punta a punta puede ser de hasta 270 centímetros. El pico ha desarrollado una forma de gancho para ayudar a morder medusas y su garganta tiene barbas apuntando hacia dentro que le ayudan a tragárselas.', N'Se encuentran a través de los mares del mundo, principalmente en las aguas pelágicas de los océanos templados y tropicales, así como en las aguas frías subárticas.', N'Tienen la distribución geográfica más amplia de todas las especies de tortugas marinas. Se encuentran en todo el Pacífico, el Atlántico y el Índico. En el Pacífico, su rango se extiende hasta el norte de Alaska y al sur más allá del extremo austral de Nueva Zelanda. En el Atlántico, se puede encontrar desde el norte de Noruega y el Círculo Polar Ártico hasta el sur de la punta de África.', N'La importancia ecológica de la tortuga laúd radica en que controla las poblaciones de medusas, las cuales pueden afectar negativamente a otras especies marinas como larvas de peces y crustáceos. Al ser un depredador clave, contribuye a mantener el equilibrio de la red trófica marina y a mantener saludables otros hábitats oceánicos.', N'Peligro crítico (CR)', N'3'),
(N'Boa Constrictora', N'Boa imperator', N'Fosetas labiales ausentes; escamas de la parte superior de la cabeza y costados del hocico (región loreal) pequeñas; presencia de dos hileras de escamas grandes entre la punta y la orbital; dorso del cuerpo y de la cola con manchas grandes, a manera de anillos cerrados; presencia de órganos vestigiales del cinturón pelviano a manera de uñas a cada lado de la cloaca.', N'Habita en varios tipos de hábitats en los que se encuentran zonas desérticas, bosques tropicales, bosques nubosos, matorrales y también en campos de cultivo.', N'Es una subespecie propia a las regiones tropicales y subtropicales de México, Centroamérica y el norte de Sudamérica.', N'La boa constrictora es ecológicamente importante porque actúa como un controlador natural de plagas, especialmente de roedores, lo que ayuda a regular sus poblaciones y a prevenir enfermedades. También es un eslabón crucial en la cadena alimenticia, siendo tanto depredador como presa, y su presencia refleja la salud del ecosistema. Al mantener el equilibrio natural, contribuye a la biodiversidad y a un entorno sostenible.', N'Vulnerable (VU)', N'3'),
(N'Boa arcoíris', N'Epicrates maurus', N'Es la más pequeña de las boas arcoiris, alcanzando longitudes de 1 metro a 1,5 metros promedio. Existe un claro dimorfismo sexual entre machos y hembras; las hembras son significativamente más grandes en longitud y circunferencia. Coloración: generalmente de color marrón uniforme con grandes anillos vertebrales de bordes oscuros y centros claros que forman monturas, también puede haber un patrón "S" ligeramente descentrado. A través de un proceso llamado metacrosis, las boas arcoiris exhiben un cambio de color de día a noche. Principalmente notado en que su patrón se volverá más claro, casi plateado, y tendrá lados y fondo de plata fundida. Aunque existen individuos de colores y patrones anormales.', N'Regiones cálidas.', N'Esta especie se distribuye en regiones cálidas del sur de América Central y el noroeste de América del Sur.', N'La boa arcoíris es ecológicamente importante porque actúa como un depredador que controla las poblaciones de pequeños mamíferos, aves y reptiles, ayudando así a mantener el equilibrio de su ecosistema. Como parte de la cadena trófica, también sirve de alimento para otros animales, contribuyendo a la biodiversidad. ', N'Vulnerable (VU)', N'3'),
(N'Iguana Verde', N'Iguana iguana', N'Su cuerpo es robusto, con 4 fuertes patas provistas de uñas duras y afiladas. La piel está recubierta de pequeñas escamas rígidas que van mudando al crecer. Las escamas en la cabeza son más grandes e irregulares que las del resto del cuerpo. Tienen una papada colgante en la garganta y una cresta dorsal formada por espinas dérmicas que se extienden desde el cuello hasta cerca de la mitad de la cola. La cola es larga, delgada, aplanada dorso ventralmente, no es prensil, pero representa una útil herramienta de locomoción y defensa.', N'Se adapta a diversos tipos de hábitat, pudiendo encontrarse en bosques húmedos, bosques muy húmedos, bosques secos, áreas de matorrales, bordes de mangles, riberas de ríos, zonas áridas, en sabanas con arbustos y árboles dispersos, en áreas rocosas y caras de acantilados.', N'Ocupa desde el suroeste de México, a lo largo de América Central, y en Suramérica hasta Paraguay y el sudeste de Brasil. También habita en muchas islas del Caribe. En Panamá se le encuentra a lo largo de todo el país, pero es menos abundante hacia la vertiente del Pacífico donde los potreros y áreas de cultivo han reemplazado a las zonas boscosas.',N'La iguana verde es ecológicamente importante por ser dispersora de semillas, actuar como bioindicador de ecosistemas saludables y ser un eslabón clave en la cadena alimentaria, proporcionando alimento para otros depredadores.', N'Vulnerable (VU)', N'3'),
(N'Cocodrilo Americano', N'Crocodylus acutus', N'Una de las especies de cocodrilos más grandes. Los machos suelen alcanzar los 5 metros. La armadura dorsal es irregular y muy reducida en comparación con otras especies. Hay una hinchazón distintiva frente a cada ojo, visible en todos excepto en las crías. Los juveniles son de color más claro (bronceado claro) que los animales más maduros, con bandas en el cuerpo y la cola. Los adultos adquieren un color marrón oliva. El iris es plateado.', N'En agua dulce (incluidos ríos, lagos y embalses) y hábitats costeros salobres (incluidos estuarios de marea, lagunas costeras y manglares).', N'Se lo encuentra desde Florida (EE. UU.) y México, hasta el norte de Venezuela y Perú, incluyendo las islas de las Antillas.', N'El cocodrilo americano tiene una gran importancia ecológica como depredador tope, ya que regula las poblaciones de otras especies y mantiene el equilibrio del ecosistema. También es un "ingeniero de humedales" porque sus madrigueras crean refugios para otros animales durante la estación seca, además de contribuir al reciclaje de la materia y funcionar como una especie indicadora de la salud de su hábitat.', N'Vulnerable (VU)', N'3'),
(N'Caimán o Babillo', N'Caiman crocodilus', N'Un cocodrilo de tamaño relativamente pequeño a mediano (los machos generalmente alcanzan de 2,0 a 2,5 m). Las hembras son más pequeñas, alcanzando un tamaño máximo medio de 1,4 m. Su nombre común deriva de una cresta ósea que está presente entre la parte frontal de los ojos (puente infraorbitario), que parece unirse a los ojos como un par de anteojos. Una cresta triangular está presente en los párpados superiores fuertemente osificados, que recuerda vagamente a los del dinosaurio Allosaurus. Los juveniles son de color amarillo con manchas negras y bandas en el cuerpo y la cola. Los adultos son de un verde oliva opaco.', N'Especie extremadamente adaptada que se encuentra en prácticamente todos los tipos de hábitat de tierras bajas y ribereñas a lo largo de su rango, particularmente como resultado de los rangos ahora disminuidos de competidores simpátricos, aunque generalmente prefiere áreas de aguas tranquilas. Puede tolerar un grado razonable de salinidad.', N'Ocupa desde el sur de México, Centroamérica y el noroeste de América del Sur.', N'La importancia ecológica del caimán radica en su papel como depredador superior, el cual ayuda a mantener el equilibrio de los ecosistemas acuáticos. Regula poblaciones de peces y otros animales, previene el crecimiento descontrolado de especies, y como indicador de salud ambiental, su presencia refleja ecosistemas acuáticos saludables. Además, los caimanes actúan como ingenieros de ecosistemas al crear "agujeros de caimán" que funcionan como refugios para otras especies.', N'Vulnerable (VU)', N'3')


--Peces marinos
INSERT INTO Animal
VALUES
(N'Tiburón Martillo Común', N'Sphyrna lewini', N'El tiburón martillo común es una especie de tamaño relativamente grande. Alcanza una talla máxima cercana a los 400 cm de longitud, mientras que su talla de nacimiento está entre 42 y 55 cm, y la talla de madurez sexual alrededor de 150 cm en los machos y 200 cm en las hembras. Tiene la cabeza en forma de martillo, de ahí se deriva su nombre. Exhibe una hendidura poco profunda en el borde central de la cabeza. Presenta dientes pequeños, triangulares, oblicuos y suavemente aserrados. Su primera aleta dorsal es grande, un tanto alta, y su origen se sitúa por delante del extremo del borde interno de la pectoral. Es de color pardo grisáceo en el dorso y blanco en la parte ventral.', N'Tiene una amplia distribución por los mares templados cálidos y tropicales. Habita las zonas pelágicas de la costa y también las oceánicas.', N'Está ampliamente distribuido en las regiones tropicales y templadas de aguas cálidas del Atlántico centrooccidental, desde la costa nordeste de los Estados Unidos hasta el sur de Brasil, incluyendo el golfo de México y el Mar Caribe.', N'El tiburón martillo común es ecológicamente importante porque actúa como un superdepredador que mantiene el equilibrio de los ecosistemas marinos al controlar las poblaciones de otras especies, como peces y rayas. Su presencia es un indicador de un hábitat saludable, y ayuda a proteger ecosistemas vitales como arrecifes de coral y praderas marinas al evitar la sobrepoblación de sus presas.', N'En peligro (EN)', N'4'),
(N'Tiburón Martillo Gigante', N'Sphyrna mokarran', N'La característica más llamativa de todas las especies de tiburones martillo es la particular forma de la cabeza en forma de T, con los ojos y los orificios nasales situados en los extremos de la cabeza, gracias a lo cual el movimiento de cabeza de lado a lado al nadar recorre con la vista todo a su alrededor e incluso lo que queda a sus espaldas. Las aletas pectorales se localizan detrás de las branquias, y la aleta caudal tiene la punta negra. Casi toda la parte dorsal es gris o café, pero se vuelve blanca cerca de la parte ventral. Al igual que la mayoría de los tiburones, el tiburón martillo presenta contracoloración, es decir, un color oscuro en el lomo y uno claro en el vientre. Visto desde abajo, el tiburón martillo se confunde con el brillo de las aguas de la superficie; visto desde arriba, se confunde con el fondo marino oscuro. La contracoloración es un tipo de mimetismo que permite al tiburón sorprender a sus presas.', N'Es un tiburón tropical semioceánico que habita a lo largo de la costa, en las plataformas continentales, terrazas insulares y pasos y lagunas de atolones de coral, así como en aguas más profundas cerca de tierra; tanto cerca de la superficie como a profundidades de hasta más de 80 m.', N'En el Océano Pacífico Oriental Tropical: Desde el sur de Baja California y el Golfo de California, hasta el norte de Perú y las Islas Malpelo y Galápagos. En el Océano Atlántico Centro Occidental: Carolina del Norte hasta Brasil, incluyendo el Golfo de México y el mar Caribe.', N'El tiburón martillo gigante es ecológicamente importante porque actúa como un superdepredador clave en los ecosistemas marinos costeros, manteniendo el equilibrio de las poblaciones de presas, controlando la abundancia de peces e invertebrados y promoviendo la biodiversidad. Al depredar a otras especies y alimentarse de individuos enfermos, asegura que solo los genes más fuertes se reproduzcan y contribuye a la salud general del arrecife y otros hábitats marinos.', N'En peligro (EN)', N'4'),
(N'Cornuda Cabeza de Pala', N'Sphyrna tiburo', N'Especie pequeña de tiburón martillo, cabeza angosta, en forma de pala redonda, por lo que no presenta las extensiones laterales prominentes de los otros tiburones martillo; ancho de la cabeza 19-25% de la LT; margen anterior de la cabeza muy arqueado, sin hendiduras; dientes lisos, dientes anteriores en forma de navajas, con una punta corta y fuerte, inferiores rectos, superiores bastante oblicuos y con una muesca bien diferenciada en la parte posterior; dientes posteriores son molares alargados, con quilla; cinco hendiduras branquiales, la última sobre la pectoral; primera dorsal moderadamente grande y erecta, su margen posterior cóncavo, su origen detrás de la punta posterior de la pectoral, la punta libre posterior no alcanza sobre las pélvicas; base de la segunda aleta dorsal cerca de la mitad de la longitud de la base de la anal; origen de la segunda aleta dorsal arriba de la mitad de la anal; aleta anal con borde posterior levemente cóncavo; fosa que atraviesa sobre la base de la cola en forma de medialuna, otra fosa abajo de la base; aleta caudal fuertemente asimétrica, lóbulo inferior grande, lóbulo superior con muesca abajo de la punta.', N'Se encuentra fango, fondo suave, columna de agua, arena y grava, estero.', N'Oeste del océano Atlántico: desde Carolina del Norte (Estados Unidos) hasta el sur de Brasil, incluyendo Cuba, las Bahamas, el Caribe y el golfo de México. Este del océano Pacífico: desde el sur de California (Estados Unidos) hasta Ecuador.', N'La importancia ecológica de la cornuda cabeza de pala radica en su papel como depredador omnívoro que controla poblaciones de invertebrados y peces pequeños, y en que es el primer tiburón descubierto con una dieta que incluye algas marinas, además de ser una especie clave en su ecosistema para mantener el equilibrio de la cadena alimentaria marina. Su consumo de algas, un hallazgo único, demuestra su adaptabilidad dietética y su impacto en el ecosistema.', N'En peligro (EN)', N'4'),
(N'Tiburón Ballena', N'Rhincodon typus', N'Su vientre es totalmente blanco, mientras que su dorso es de un color grisáceo, más oscuro que la mayoría de los tiburones, con multitud de lunares y líneas horizontales y verticales de color blanco o amarillento, de tal forma que se asemeja a un tablero de ajedrez. Estas manchas representan un patrón único en cada espécimen, por lo que se utilizan para identificarlos y para censar su población. Su piel puede llegar a tener 10 centímetros de grosor. Su cuerpo es hidrodinámico, alargado y robusto, y presenta varios resaltes longitudinales en la cabeza y el dorso. Su cabeza es ancha y aplanada, y en sus laterales se sitúan dos pequeños ojos, detrás de los cuales están los espiráculos. Su enorme boca puede llegar a medir 1,5 metros de ancho, capacidad suficiente como para albergar a una foca nadando de costado, y en sus mandíbulas se halla una gran cantidad de filas de pequeños dientes. Tiene cinco grandes pares de branquias, cuyas hendiduras son enormes. Posee un par de aletas dorsales y aletas pectorales, siendo estas últimas muy poderosas. La cola de estos seres puede medir más de 2,5 metros de lado a lado. En los tiburones ballena jóvenes la aleta superior de la cola es más grande que la aleta inferior, en cambio la cola de un adulto tiene forma de media luna, y es la que les proporciona la propulsión.', N'Se encuentra en los océanos y mares cálidos, cerca de los trópicos, aunque algunos ejemplares han sido observados en aguas más frías, como las de la costa de Nueva York.', N'Se cree que son peces pelágicos, pero en determinadas temporadas migran grandes distancias hacia zonas costeras, como Ningaloo Reef en Australia Occidental, Utila en Honduras, Donsol y Batangas en Filipinas, la isla de Holbox en el estado de Quintana Roo, las penínsulas de Yucatán y Baja California, México, costas de Venezuela (ocumare de la Costa) las islas del archipiélago de Zanzíbar (Pemba y Unguja), en la costa de Tanzania, en Ceiba y en el archipiélago de las Perlas en Panamá.', N'La importancia ecológica del tiburón ballena reside en su papel como regulador de la cadena alimentaria al alimentarse de plancton y peces pequeños, su contribución al ciclo de nutrientes al distribuir estos a través de sus migraciones y desechos, y su función como especie "paraguas" que, al protegerse, beneficia a todo su hábitat marino. Además, su gran tamaño ayuda a almacenar carbono de manera significativa.', N'En peligro (EN)', N'4'),
(N'Tiburón zorro o azotador', N'Alopias vulpinus', N'El tiburón zorro es el representante más grande de la familia Alopiidae, su tamaño podría alcanzar aproximadamente los 6 metros de largo y pesar 348 Kg, aunque un tamaño inferior suele ser lo normal. Su especial aspecto lo hace inconfundible respecto a otras familias de tiburones. Presenta una aleta caudal, casi tan larga como el resto de su cuerpo, extremadamente asimétrica, el lóbulo superior está muy desarrollado. El cuerpo es robusto, la cabeza pequeña en relación al cuerpo, su hocico es corto y cónico. Presenta 5 hendiduras branquiales a cada lado. La boca, en forma de media luna, es pequeña con unos pliegues labiales muy definidos. Los ojos son relativamente pequeños y no constan de membrana nictitante. Las aletas pectorales son largas con una cierta curvatura y acaban en una punta estrecha.', N'es pelágico, nada en mar abierto, pudiéndose acercar a la costa en busca de fondos coralígenos, plantas o algas marinas, con el fin de alimentarse o en la época de cría.', N'Cosmopolita, se localiza en todas las aguas tropicales y templadas de todos los océanos del mundo, aunque puede llegar a tolerar las aguas frías.', N'La importancia ecológica del tiburón zorro radica en su papel como depredador tope, ayudando a mantener el equilibrio de los ecosistemas marinos al controlar poblaciones de otras especies y ser un indicador de la salud del océano. Su comportamiento depredador contribuye a la diversidad de especies y, como parte de la "economía azul", su conservación es crucial para la salud general del océano.', N'Vulnerable (VU)', N'4')

--Equinodermos
INSERT INTO Animal
VALUES
(N'Pepino de Mar Pardo', N' Isostichopus fuscus', N'Su cuerpo es cilíndrico, con pies ambulacrales y cinco tentáculos bucales. La textura de su piel es suave y posee pequeñas papilas en la parte dorsal del cuerpo. Su fase larvaria pelágica tiene una duración de 2-3 semanas y los adultos presentan baja movilidad. Es considerado la especie de pepino de mar comercial más relevante del continente americano.', N'Se encuentra en la zona costera desde el submareal somero hasta los 40 m de profundidad sobre fondos rocosos o arrecifes coralinos.', N'Se encuentra distribuido desde el Norte del Golfo de California hasta Ecuador. En Panamá, esta especie se distribuye a lo largo de la costa Pacífica, principalmente en las islas del Golfo de Chiriquí.', N'La importancia ecológica del pepino de mar pardo reside principalmente en su función de reciclador de nutrientes, actuando como un filtro que mantiene la salud de los ecosistemas marinos como los arrecifes de coral. Al consumir y excretar sedimentos, reciclan la materia orgánica, liberan nutrientes vitales como el nitrógeno y producen carbonato de calcio, lo que contribuye a neutralizar la acidificación del océano y fortalece el crecimiento del coral.', N'En peligro (EN)', N'5'),
(N'Pepino de Mar de Cinco Dientes', N'Actinopyga agassizii', N'Cuerpo robusto, piel gruesa y rugosa, dándole una textura áspera. Presenta coloraciones moteadas entre naranja, crema, marrón. Superficie dorsal redondeada con numerosas papilas de diferentes tamaños, superficie ventral aplanada y con números pies ambulacrales amarillos. El ano presenta cinco dientes calcáreos. Talla máxima de 350 mm, se registraron valores en Panamá entre 130 y 285 mm.', N'Se encuentran en pastos marinos, arrecifes de corales y zonas rocosas, escondidos entre las fisuras de las rocas y bajo ellas; se reporta a profundidades que van desde 0-54 m de profundidad.', N'Tiene una amplia distribución geográfica en climas tropicales. Su rango abarca desde el Atlántico occidental y el golfo de México hasta el mar Caribe, las Bermudas, Bahamas y Florida, hasta la costa norte de Sudamérica, incluyendo Trinidad y Tobago.', N'El pepino de mar de cinco dientes tiene una importancia ecológica crucial como reciclador de nutrientes y limpiador del fondo marino. Se alimenta de materia orgánica y sedimentos, mejorando la calidad del agua al liberar nutrientes como el nitrógeno y el calcio, esenciales para los ecosistemas, incluyendo los arrecifes de coral. Además, tritura los sedimentos, lo que a su vez favorece el crecimiento de las algas y otros organismos.', N'Preocupación menor (LC)', N'5'),
(N'Pepino de Mar', N'Holothuria cubana', N'Cuerpo cilíndrico y alargado con los extremos redondeados. Piel delgada y rugosa por la presencia de muchas espículas, dando una textura rígida. Individuos de color café y mostaza con manchas café oscuro en dos filas longitudinales de un extremo a otro del cuerpo. El dorso con pequeñas papilas y la región ventral con presencia de pies ambulacrales dispersos. Individuos pequeños. Pueden alcanzar hasta 150 mm, aunque la mayoría mide entre 80- 100 mm de largo.', N'Se encuentra en una amplia gama de sedimentos en la zona intermareal y submareal poco profunda. Es una especie que suele aparecer entre o debajo de las rocas, esponjas y parches de coral.', N'Se encuentra en las Bermudas, Cuba, Puerto Rico, Antigua, Barbados, Curazao, Venezuela, Bahamas, Florida (Estados Unidos), Panamá, Belice y Colombia.', N'La importancia ecológica del pepino de mar radica en su función como reciclador de nutrientes, al consumir materia orgánica del sedimento y liberarla en forma de nitrógeno, lo que beneficia a ecosistemas como los arrecifes de coral. Además, actúan como limpiadores del fondo marino, removiendo detritos y algas que podrían acumularse. Al triturar la arena y las conchas, también contribuyen a la salud del sustrato y mejoran la oxigenación.', N'Preocupación menor (LC)', N'5')

--Anfibios
INSERT INTO Animal
VALUES
(N'Rana Dardo Venenosa de la Fresa', N'Oophaga pumilio', N'Muy pequeño, entre 1,7-2,4 cm de longitud. Cabeza tan ancha como larga, ojos suaves, superficie de la cabeza roja, uniforme o con pequeñas manchas negras. Dorso y brazos lisos, rojo cereza (raramente azules). Superficie superior de las patas rojas, azules, violetas o negras. Garganta roja hembras, machos con centro canela. Con tubérculos ovoides por debajo de todos los dedos, grandes discos digitales sin membranas enterdigitales. En las islas de Bocas del Toro en Panamá, esta especie exhibe una increíble cantidad de polimorfismo de colores y patrones.', N'Viven en el suelo de sotobosque moderadamente abierto y vegetación (10-90 cm. De altura) de bosque húmedo tropical. También en plantaciones de cacao abandonadas y bosques secundarios y bananeros.', N'Se encuentran desde el norte de Nicaragua hasta el oeste de Panamá, en bosques de tierras bajas ubicados en la vertiente del Caribe.', N'La rana dardo de la fresa es importante ecológicamente como controladora de poblaciones de insectos y como indicador de la salud del ecosistema. Su rol también incluye la transferencia de nutrientes entre medios acuáticos y terrestres y su importancia cultural para comunidades locales, ya que su veneno se usa tradicionalmente para la caza.', N'Vulnerable (VU)', N'6'),
(N'Rana Venenosa Verdinegra', N'Dendrobates auratus', N'De tamaño pequeño a moderado, entre 2,5-4,2 cm de longitud. Cabeza ancha más alargada, ojos grandes. Dorso, vientre y extremidades lisas de color azul, azul verdoso, verde o amarillo verdoso con manchas, bandas y rayas de color negro, marrón o bronce. Con tubérculos ovoides a alargados por debajo de todos los dedos sin membranas enterdigitales y tienen discos digitales grandes.', N'El suelo del bosque húmedo y también se le ha encontrado en bromelias epífitas hasta alturas de 3-25 m. por encima del suelo.', N'Se encuentra desde el sur de Nicaragua hasta el Golfo de Urabá en Colombia por la vertiente del Caribe, y desde Costa Rica a través de Panamá, hasta el fondo de la cuenca del río Atrato.', N'La rana venenosa verdinegra tiene una importancia ecológica como controlador de plagas de insectos, ya que se alimenta de pequeños invertebrados como hormigas y termitas, y sirve como parte vital de la cadena alimenticia, siendo alimento para depredadores más grandes como serpientes y aves. Su papel en la salud del ecosistema es crucial para mantener el equilibrio entre presas y depredadores en su hábitat de bosque húmedo tropical.', N'Vulnerable (VU)', N'6'),
(N'Rana Arborícola de Ojos Rojos', N'Agalychnis callidryas', N'Especie de rana arborícola, de tamaño mediano, esbelta y llamativamente coloreada. El macho es más pequeño, variando de 56 a 59 mm y la hembra de 71 a 77 mm. Lo más notable, como su nombre lo indica, son sus grandes ojos rojos con pupila vertical. Su cabeza es pequeña y puntiaguda, la nariz estrecha. Sus extremidades son delgadas, las de atrás siendo muy largas. La piel es suave, lisa y frágil en el vientre, mientras que en la espalda es ligeramente más gruesa y rugosa para soportar las inclemencias del ambiente. Su piel contiene toxinas, pero no son tan poderosas. Posee almohadillas adhesivas en los dedos, así como estrechas membranas interdigitales. Los individuos adultos se caracterizan por tener una hermosa combinación de colores brillantes sobre todo su cuerpo. El área dorsal es primordialmente verde, pero usualmente presentan ligeras bandas de tonalidades azul pálido o amarillo verdoso. En ocasiones también presentan manchas blancas pequeñas sobre el lomo. En los flancos tienen una banda azulada o morada, rodeada y atravesada verticalmente con franjas amarillas o cremas. La parte superior de los brazos presentan un azul brillante, a veces combinado con naranja. Mientras, los muslos son de color azul en las superficies anterior, posterior y ventral, con una banda verde por arriba. En ambas extremidades los dedos son naranja. La garganta y el abdomen son de color blanco.', N'en los bosques tropicales de tierras bajas, desde el nivel del mar hasta los 1,200 m. Prefiere vivir cerca de riachuelos, quebradas y en zonas pantanosas. El rango de temperaturas en las que viven va de 23 a 29 °C en el día y de noche de 18 a 25 °C.', N'Se le puede encontrar desde Veracruz y Oaxaca, en México, a lo largo de la vertiente Caribe de Centroamérica, hasta la parte central-este de Panamá.', N'La rana arborícola de ojos rojos es ecológicamente importante porque es un indicador de la salud del ecosistema y una fuente de control de plagas. Su sensibilidad a los cambios ambientales la convierte en una "alerta temprana" para los humanos sobre la degradación del hábitat, ya que su población disminuye si el entorno se ve afectado. Además, como depredador de insectos y presa de otros animales, juega un papel fundamental en el control de poblaciones y en la cadena alimenticia.', N'Vulnerable (VU)', N'6')

--Imagenes Animales
INSERT INTO FotoAnimal
VALUES 
(N'1', N'https://i.pinimg.com/736x/c9/8b/b1/c98bb1ba8eaafc93ead5f9a49376bc18.jpg', N'Tucán Pico Iris'),
(N'2', N'https://cdn.download.ams.birds.cornell.edu/api/v2/asset/536042571/900', N'Tucán Gorguiamarillo'), 
(N'3', N'https://i.pinimg.com/736x/3b/ff/5b/3bff5b90c89f83d523579de965c9bf15.jpg', N'Guacamayo Verde'),
(N'4', N'https://i.pinimg.com/736x/5a/04/db/5a04dbc8638f932b6594daf35e015037.jpg', N'Guacamaya Roja'),
(N'5', N'https://static.wikia.nocookie.net/reinoanimalia/images/c/c2/Papagajo-ara-ararauna.jpg/revision/latest?cb=20181016172707&path-prefix=es', N'Guacamaya Azul Amarilla'),
(N'6', N'https://cdn.download.ams.birds.cornell.edu/api/v2/asset/49034141/1200', N'Loro Cabeciamarilla'),
(N'7', N'https://cdn.download.ams.birds.cornell.edu/api/v2/asset/311356761/900', N'Loro Frentirrojo'),
(N'8', N'https://cdn.download.ams.birds.cornell.edu/api/v2/asset/614602057/900', N'Loro Harinoso'),
(N'9', N'https://cdn.download.ams.birds.cornell.edu/api/v2/asset/321537511/900', N'Perico Barbinaranja'),
(N'10', N'https://cdn.download.ams.birds.cornell.edu/api/v2/asset/245174311/900', N'Perico Frentirrojo'),
(N'11', N'https://i.pinimg.com/736x/a8/ad/85/a8ad85bac4e173a72c053499f06f1729.jpg', N'Perico de Azuero o Perico Carato'),
(N'12', N'https://cdn.download.ams.birds.cornell.edu/api/v2/asset/593404621/900', N'Saltarín Cuellinaranja'),
(N'13', N'https://cdn.download.ams.birds.cornell.edu/api/v1/asset/547707801/320', N'Saltarín Cuelliblanco'),
(N'14', N'https://cdn.download.ams.birds.cornell.edu/api/v2/asset/243943381/900', N'Bolsero Dorsiamarillo'),
(N'15', N'https://cdn.download.ams.birds.cornell.edu/api/v2/asset/243566931/900', N'Eufonia Coroniamarilla'),
(N'16', N'https://cdn.download.ams.birds.cornell.edu/api/v2/asset/536039551/900', N'Mielero Patirrojo'),
(N'17', N'https://abcbirds.org/wp-content/uploads/2025/08/Resplendent-Quetzal2_Wang-LiQiang_SS_U.webp', N'Quetzal'),
(N'18', N'https://cdn.download.ams.birds.cornell.edu/api/v2/asset/610668000/900', N'Pavón Grande'),
(N'19', N'https://cdn.download.ams.birds.cornell.edu/api/v2/asset/386925851/900', N'Pava Crestada'),
(N'20', N'https://cdn.download.ams.birds.cornell.edu/api/v2/asset/243557651/900', N'Trogón de Baird o Trogón de Pecho Rojo'),
(N'21', N'https://wildexpedition.com/wp-content/uploads/2023/10/Harpia.jpg.webp', N'Águila Arpía'),
(N'22', N'https://cdn.download.ams.birds.cornell.edu/api/v2/asset/612383107/900', N'Tangara Azulidorada'),
(N'23', N'https://cdn.download.ams.birds.cornell.edu/api/v1/asset/576085841/1200', N'Zeledonia'),
(N'24', N'https://cdn.download.ams.birds.cornell.edu/api/v1/asset/616213840/320', N'Pinzón-Amarillo Sabanero'),
(N'25', N'https://cdn.download.ams.birds.cornell.edu/api/v2/asset/82184221/900', N'Dacnis Esmeraldino o Aguamarina'),
(N'26', N'https://static.inaturalist.org/photos/51015966/large.jpg', N'Jaguar'),
(N'27', N'https://cdn0.bioenciclopedia.com/es/posts/6/3/0/puma_36_600_square.jpg', N'Puma'),
(N'28', N'https://upload.wikimedia.org/wikipedia/commons/thumb/f/f8/Ocelot_%28Jaguatirica%29_Zoo_Itatiba.jpg/1200px-Ocelot_%28Jaguatirica%29_Zoo_Itatiba.jpg', N'Manigordo u Ocelote'),
(N'29', N'https://inaturalist-open-data.s3.amazonaws.com/photos/46123268/original.jpeg', N'Tigrillo o Margay'),
(N'30', N'https://inaturalist-open-data.s3.amazonaws.com/photos/83401845/original.jpg', N'Jaguarundi'),
(N'31', N'https://inaturalist-open-data.s3.amazonaws.com/photos/53995297/large.jpg', N'Venado de Cola Blanca'),
(N'32', N'https://static.inaturalist.org/photos/119218347/large.jpg', N'Tapir Centroamericano'),
(N'33', N'https://inaturalist-open-data.s3.amazonaws.com/photos/336070139/original.jpg', N'Pecarí de Collar'),
(N'34', N'https://static.inaturalist.org/photos/317244353/large.jpg', N'Pecarí Barbiblanco'),
(N'35', N'https://agron.com.br/wp-content/uploads/2025/10/Paca-6-curiosidades-pouco-conhecidas-sobre-o-animal-que-muitos-ja-viram-mas-nao-identificaram-1280x720-1.webp', N'Conejo Pintado'),
(N'36', N'https://ca-times.brightspotcdn.com/dims4/default/b00d21d/2147483647/strip/true/crop/800x450+0+40/resize/1200x675!/quality/75/?url=https%3A%2F%2Fcalifornia-times-brightspot.s3.amazonaws.com%2Fc4%2Fc2%2F7a0bd29e8e1d38ea0782039fca52%2Fefe-3333575-13211517w-20170723', N'Manatí'),
(N'37', N'https://misanimales.com/wp-content/uploads/2018/07/delfin-nariz-de-botella-mular-tursiops-truncatus.jpg', N'Delfín Nariz de Botella'),
(N'38', N'https://inaturalist-open-data.s3.amazonaws.com/photos/216610095/large.jpeg', N'Mono Araña Colorado'),
(N'39', N'https://theanimalmap.com/images/animals/spider_monkey.webp', N'Mono Araña Negro'),
(N'40', N'https://inaturalist-open-data.s3.amazonaws.com/photos/187746639/original.jpeg', N'Mono Aullador'),
(N'41', N'https://www.ecoregistros.org/site/images/dataimages/2015/09/25/115962/11034186_893433684032938_846743047558790067_n.jpg', N'Mono Cariblanco'),
(N'42', N'https://static.inaturalist.org/photos/102437266/large.jpeg', N'Mono Tití'),
(N'43', N'https://inaturalist-open-data.s3.amazonaws.com/photos/263697810/original.jpg', N'Mono Ardilla'),
(N'44', N'https://inaturalist-open-data.s3.amazonaws.com/photos/176772831/original.jpeg', N'Tortuga Caguama o Cabezona'),
(N'45', N'https://www.monaconatureencyclopedia.com/wp-content/uploads/2008/08/2-Chelonia-mydas-%C2%A9-BarryFackler.jpg', N'Tortuga Verde'),
(N'46', N'https://i0.wp.com/ecoosfera.com/wp-content/uploads/2023/06/tanguy-sauvin-IBEXUZBmlXg-unsplash.jpg', N'Tortuga Lora'),
(N'47', N'https://static.wikia.nocookie.net/reinoanimalia/images/5/52/Tortuga-carey.webp/revision/latest?cb=20230425203523&path-prefix=es', N'Tortuga Carey'),
(N'48', N'https://static.wikia.nocookie.net/cronicas-sagradas-de-elyndor/images/f/f2/Tortuga_La%C3%BAd.jpg/revision/latest?cb=20250403154842', N'Tortuga Baula o Laúd'),
(N'49', N'https://www.reconnectwithnature.org/getmedia/3e4f7884-253d-40f0-9bb2-a62adacbffdb/Boa-constrictor-Shutterstock.jpg?width=1500&height=1000&ext=.jpg', N'Boa Constrictora'),
(N'50', N'https://static.inaturalist.org/photos/64743/large.JPG', N'Boa arcoíris'),
(N'51', N'https://ranchotexaslanzarote.com/wp-content/uploads/2008/10/376_Animales-Rancho-Texas-e1724857790456.webp', N'Iguana Verde'),
(N'52', N'https://upload.wikimedia.org/wikipedia/commons/f/f2/Crocodylus_acutus_mexico_02-edit1.jpg', N'Cocodrilo Americano'),
(N'53', N'https://lh3.googleusercontent.com/proxy/eaULQmNeixPbGblta7VHwtSaRI75_vc2yyALCgNzr9QRYm2v543r5W02vijUPmeFHlfs0OtGwao2RsK-UijNN4R-_aFm4PQDcRjGEJhlYZ0-', N'Caimán o Babillo'),
(N'54', N'https://upload.wikimedia.org/wikipedia/commons/e/ee/Scalloped_hammerhead_cocos.jpg', N'Tiburón Martillo Común'),
(N'55', N'https://www.tiburoneswiki.com/Imagenes/distribucion-tiburones-martillo-gigantes.jpg', N'Tiburón Martillo Gigante'),
(N'56', N'https://picturefishai.com/wiki-image/1080/296278861406961679.jpeg', N'Cornuda Cabeza de Pala'),
(N'57', N'https://www.fundacionaquae.org/wp-content/uploads/2019/09/tibur%C3%B3n-ballena-1.jpg', N'Tiburón Ballena'),
(N'58', N'https://inaturalist-open-data.s3.amazonaws.com/photos/32855028/medium.jpg', N'Tiburón zorro o azotador'),
(N'59', N'https://inaturalist-open-data.s3.amazonaws.com/photos/1558620/large.JPG', N'Pepino de Mar Pardo'),
(N'60', N'https://upload.wikimedia.org/wikipedia/commons/5/5e/Actinopyga_agassizii_%28spawning_posture%29.jpg', N'Pepino de Mar de Cinco Dientes'),
(N'61', N'https://scuba.spanglers.com/im/m/2018/06/2018-06-07e-a11920.jpg', N'Pepino de Mar'),
(N'62', N'https://media.istockphoto.com/id/1253022994/es/foto/fresa-roja-venenosa-rana-dardo-dendrobates-pumilio-en-el-h%C3%A1bitat-de-la-naturaleza-costa-rica.jpg?s=170667a&w=0&k=20&c=LFaZN8yrtt_a5fiPuSzVCFwp27HYEUeceL3_k8MdBJE=', N'Rana Dardo Venenosa de la Fresa'),
(N'63', N'https://ecoregistros.org/site/images/dataimages/2015/10/05/117466/10436683_906298989413074_8445965266225119570_n.jpg', N'Rana Venenosa Verdinegra'),
(N'64', N'https://static.bainet.es/clip/97927fca-609e-4f65-bdd1-eb2e1021c40e_source-aspect-ratio_1600w_0.jpg', N'Rana Arborícola de Ojos Rojos')

-- Amenazas 
INSERT INTO Amenaza
VALUES
(N'Tráfico ilegal de vida silvestre',N'Captura, comercio y venta ilegal de animales vivos, pieles, partes del cuerpo o productos derivados.'),

(N'Caza ilegal', N'Cacería no regulada o prohibida que reduce las poblaciones naturales de fauna silvestre.'),

(N'Pérdida de hábitat', N'Destrucción o alteración del ambiente natural donde viven las especies.'),

(N'Degradación del hábitat', N'Deterioro progresivo del ecosistema por actividades humanas, reduciendo la calidad del entorno.'),

(N'Deforestación', N'Tala de bosques para agricultura, ganadería, urbanización o extracción de recursos.'),

(N'Fragmentación del ecosistema', N'División del hábitat en parches aislados, afectando la movilidad y reproducción de las especies.'),

(N'Sobreexplotación comercial', N'Extracción excesiva de individuos para comercio legal o ilegal, disminuyendo las poblaciones.'),

(N'Contaminación', N'Presencia de sustancias químicas, residuos o materiales tóxicos que afectan a la fauna.'),

(N'Cambio climático', N'Alteraciones en temperatura y patrones climáticos que afectan la supervivencia de las especies.')

INSERT INTO Flora
VALUES
(N'Almendro de Montaña', N'Dipteryx oleifera', N'Es un árbol caducifolio de estatura alta de 20 a 40 metros, copa amplia y redondeada. Tronco con raíces tablares de mediano tamaño en la base. Corteza exterior lenticelada y de color marrón. Hojas imparipinnadas y alternas, con 10-20 folíolos, alternos en el raquis. Folíolos de 7-15 x 3-8 cm, oblongos o elípticos, asimétricos, con ápice acuminado, bordes enteros y base desigual. Los folíolos son verdes en el haz y blancos o grises por el envés. Estípulas deciduas. Pecíolo de 6-12 cm de largo y acanalado o alado en la parte superior. Raquis alado y terminado en una prolongación aguda después del último folíolo. Flores rosadas o ligeramente moradas. Sus frutos son en drupas obovadas, de 4-6 cm de largo, verdes o marrón. Semilla de textura pubescente.', N'Se encuentra en bosques húmedos a muy húmedos en elevaciones bajas a medias, desde Nicaragua hasta Panamá. Se ubica en las provincias de Bocas del Toro, Colón, Darién, Panamá y la comarca de Guna Yala.', N'Vulnerable (VU)'),
(N'Bálsamo', N'Myroxylon balsamum', N'Árbol de 20 a 40 m de alto. Copa amplia y redondeada. Tronco con raíces tablares pequeñas en la base. Corteza exterior marrón y lenticelada, internamente es amarilla y aromática. Ramitas terminales cubiertas de lenticelas blancas. Hojas imparipinnadas y alternas, con 5-11 folíolos, alternos en el raquis. Folíolos de 3-11 x 2-4 cm, lanceolados, elípticos, a ovados, con ápice agudo o acuminado, bordes enteros y base obtusa o redondeada. Los folíolos presentan líneas y puntos translúcidos. Pecíolo de 1-2 cm de largo y pulvinado en la base. Flores blancas. Frutos en legumbres samaroides que se adelgazan hacia la base y tienen el extremo apical abultado, de 8-11 x 2-3 cm, verdes, tornándose amarillentos al madurar.', N'La especie crece a bajas y medianas elevaciones, en bosques húmedos o muy húmedos. En Panamá se encuentra en las provincias de Chiriquí, Darién, Panamá y la comarca de Guna Yala.', N'Preocupación menor (LC)'),
(N'Cocobolo', N'Dalbergia retusa', N'Árbol de 10 a 20 m de alto. Copa umbelada y con follaje disperso. Tronco ramificado a baja altura. Corteza exterior gris y fisurada. Hojas imparipinnadas y alternas, con 7-15 folíolos, alternos en el raquis. Folíolos de 3-12 x 2-4 cm, oblongos a ovados, con ápice emarginado, bordes enteros y base obtusa. Los folíolos son verdes en el haz y blancos o grises por el envés. Estípulas foliares y deciduas, dejando cicatrices en las ramitas. Pecíolo de 3-5 cm de largo y pulvinado en la base. Flores blancas. Frutos en legumbres aplanadas y aladas, de 5-17 cm de largo, verdes, tornándose marrón o negros al madurar. Semillas 1-5.', N'Se encuentra en el dosel de bosques secos a húmedos de elevación media, desde México hasta Colombia. En Panamá la especie crece a bajas elevaciones, en bosques secos o húmedos. Desde la provincia de Coclé, Colón, Darién, Los Santos, Veraguas, Chiriquí y Panamá. Además, es una especie que se adapta bastante bien a diversas condiciones edafoclimáticas por lo que podría verse en otras áreas del país.', N'En peligro (EN)'),
(N'Caoba', N'Swietenia macrophylla', N'Es un árbol caducifolio o perennifolio, de 35 a 50 m (hasta 70 m) de altura con un diámetro a la altura del pecho de 1 a 1.8 m (hasta 3.5 m). Copa abierta y redondeada con forma de sombrilla. Hojas alternas, paripinnadas o a veces imparipinnadas, de 12 a 40 cm de largo incluyendo el pecíolo; folíolos 3 a 5 pares, de 5 x 2 a 12 x 5 cm, lanceolados u ovados, muy asimétricos, con el margen entero. Tronco derecho y limpio, ligeramente acanalado con contrafuertes bien formados hasta de 2 a 5 m de alto. Pocas ramas gruesas ascendentes y torcidas por arriba de los 25 m. Corteza externa profunda y ampliamente fisurada con las costillas escamosas en piezas alargadas, pardo grisáceo a moreno grisácea. Interna rosada a roja, fibrosa, de sabor amargo y astringente. Grosor total: 10 a 25 mm. Flores pequeñas, verde amarillentas, reunidas en panículas axilares y subterminales glabras, de hasta 15 cm de largo. Ambos sexos en la misma inflorescencia; las flores masculinas más abundantes que las femeninas, ambas dulcemente perfumadas. Flores actinomórficas de 6 a 8 mm de diámetro; el cáliz tiene forma de copa; la corola tiene 5 pétalos ovales y cóncavos. Fruto(s) Cápsulas leñosas, ovoides u oblongas, de color moreno rojizo (grisáceo en ocasiones), de 12 a 18 cm de largo por 8 cm de ancho, dehiscentes desde la base y se abre en 4 ó 5 valvas. El número de semillas por fruto es de 40 a 60 y por lóculo 12. Semillas numerosas de 1 cm de largo, irregulares, comprimidas de colores canela, provistos de una prolongación en forma de ala de 6 a 7 cm de largo. Las semillas son sumamente amargas y astringentes y muy livianas.', N'Se encuentra en bosques secos a húmedos, desde México hasta Bolivia, Perú y Brasil. En Panamá lo podemos encontrar principalmente en las provincias de Chiriquí, Veraguas, Herrera, Los Santos, Coclé, Panamá Oeste, Panamá y Darién.', N'Vulnerable (VU)'),
(N'Nazareno', N'Peltogyne purpurea', N'Es un árbol semicaducifolio de sucesión tardía de estatura alta a muy alta (de 20 a 50 metros), 1 m de diámetro a la altura del pecho (dap); madera violeta oscuro, dura; ramitas delgadas. Hojas bifolioladas; pecíolos hasta 2 cm de largo; peciolulos 3-4 mm de largo; folíolos lanceolados-elípticos, subfalcados, largo acuminados, oblicuamente redondeados u obtusos en la base, 5-7 cm de largo, 2-3 cm de ancho, los nervios reticulados. Las inflorescencias están en panículas terminales o subterminales de 5-7 cm de largo, con dos a 15 flores por panícula; flores blancas, cáliz con tres sépalos de 2.5 mm de longitud; corola con cinco pétalos, estambres de 3 mm de longitud. Los frutos son legumbres dehiscentes, oblicuas y planas, de 3 a 6 cm de largo y de 2 a 5 cm de ancho, glabras, con una sola semilla y fruto.', N'Se encuentra en bosques muy húmedos de elevación baja desde Costa Rica hasta Colombia. En Panamá es común en bosques poco intervenidos de la vertiente del Pacífico.', N'Vulnerable (VU)'),
(N'Quira', N'Platymiscium pinnatum', N'Es un árbol semicaducifolio de estatura mediana a alta de 10 a 35 metros y 40 cm de dap; corteza exterior marrón claro, fisurada, +/- escamosa, blanda, anillada; madera marrón rojiza, dura. Hojas opuestas, imparipinnadas; estípulas interpetiolares, lanceoladas, de hasta 1.2 cm de largo, deciduas, dejando cicatrices distintas; folíolos en 4-7 pares, opuestos en el raquis, ovados a elípticos, acuminados, obtusos a redondeados en la base, 5-11 (22) cm de largo, 2.5-4.5 (15) cm de ancho, glabros, enteros y a veces ondulados. Racimos o panículas de 9-17 cm de largo, terminales, subtendiendo hojas nuevas o en axilas inferiores sin hojas; pedicelos de 3-6 mm de largo, glabros; bractéolas ovadas; flores de 1-1,5 cm de largo, a menudo emparejadas en los nudos, de color amarillo anaranjado teñidas de marrón violáceo hacia el centro, especialmente en las estándar; cáliz estrechamente campanulado, glabro a verrugosopuberulento, con dientes cortos y agudos, los dientes laterales y carinales algo más cortos que los dientes vexilares; orbicular estándar, emarginado en el ápice; pétalos de la quilla fusionados en el ápice y en el borde exterior, ciliados debajo del punto de fusión; estambres de aproximadamente 1 cm de largo, en 2 fascículos de 5 cada uno, ligeramente fusionados para formar un tubo abierto; anteras reniformes, casi tan anchas como largas; ovario y estilo glabro, el estilo doblado bruscamente hacia adentro, mucho más largo que las anteras.', N'Se encuentra en bosques secos a húmedos de elevación baja a media, desde México hasta Venezuela. En Panamá es común ver esta especie en la parte central del área del Canal.', N'Vulnerable (VU)'),
(N'Cedro Amargo', N'Cedrela odorata', N'Es un árbol de estatura alta de dosel caducifolio de 25 a 35 metros, tronco recto y cilíndrico, a veces con raíces tablares pequeñas en la base. Corteza exterior blanca o gris y con fisuras longitudinales. Corteza interior roja. Ramitas terminales con lenticelas blancas. Todas las partes jóvenes de la planta se encuentran cubiertas de pelos y presentan un fuerte olor al estrujarlas. Hojas paripinnadas y alternas, con 6-12 pares de folíolos, opuestos o subopuestos en el raquis. Folíolos de 7-20 x 3-8 cm, ovados, elípticos o lanceolados, con ápice acuminado, bordes enteros y base redondeada. Pecíolo de 5-10 cm de largo y pulvinado en la base. La especie es monoica. Flores blancas. Frutos en cápsulas oblongas o elipsoidales, de 2-5 cm de largo, verdes y con lenticelas blancas en la superficie exterior, dehiscentes en cinco valvas al madurar. Semillas aladas y membranáceas.', N'Se encuentra en bosques secos a húmedos de tierras bajas, desde México hasta Argentina. En Panamá es común en bosques secos y secundarios de la costa Pacífica.', N'Vulnerable (VU)'),
(N'Cedro Espino', N'Pachira quinata', N'Es una especie caducifolia de 20 a 40 m de alto. Copa redondeada con follaje disperso. Tronco fuertemente armado con espinas cónicas y con raíces tablares bien desarrolladas en la base. Las espinas tienen la punta aguda y arqueada. En plantas juveniles el tronco se bifurca en tres ramas principales y ascendentes. Corteza exterior gris o marrón. Hojas digitadas y alternas, con 5-7 folíolos, de 8-14 x 3-8 cm, oblanceolados a obovados, con ápice acuminado, bordes enteros o dentados y base aguda. Estípulas deciduas. Pecíolo de 5-15 cm de largo y ligeramente acanalado en la parte superior. Flores blancas y con muchos estambres. Frutos en cápsulas oblongas, de 5-8 cm de largo, verdes, tornándose amarillentos y dehiscentes en cinco valvas al madurar. Semillas envueltas en una capa de pelos algodonosos.', N'Se encuentra en bosques secos a húmedos de baja altura, desde Nicaragua hasta Colombia y Venezuela. En Panamá es común en áreas secas y en suelos calcáreos. Se encuentra fácilmente alrededor de la ciudad de Panamá, cerca de la presa Madden, en Barro Colorado, Gamboa, entre otros lugares. A través de reforestaciones a nivel nacional se han hecho labores para recuperar la especie en distintas provincias.', N'Preocupación menor (LC)'),
(N'Espavé', N'Anacardium excelsum', N'Es una especie perennifolia de dosel (de 20 a 40 metros), copa redondeada y con follaje denso. Tronco recto y cilíndrico. Algunos de los árboles de edad muy avanzada ocasionalmente tienen el tronco hueco y raíces superficiales y extendidas en la base. Corteza exterior gris o negra, laminar, a veces con fisuras verticales profundas. Corteza interior roja o rosada y con líneas o bandas verticales blancas. El desprendimiento de ramas o heridas en el tronco producen una savia resinosa y aromática, la cual se torna roja o negra con el transcurrir del tiempo. Hojas simples y alternas, agrupadas en los extremos terminales de las ramitas, de 10-35 x 4-12 cm, obovadas, con ápice redondeado, emarginado o agudo, bordes enteros y base decurrente. Pecíolo de 0.5-2 cm de largo, aplanados en la parte superior y pulvinados en la base. Flores verdes o amarillentas. Frutos en nueces arriñonadas, de 2-3.5 cm de largo, colgando de un pedúnculo curvo y carnoso en forma de "S".', N'Se encuentra en elevaciones medias a bajas desde Honduras hasta Ecuador. En áreas secas es más común a lo largo de quebradas y ríos. Se distribuye ampliamente en bosques húmedos a muy húmedos. Se encuentra en todas las provincias de Panamá, siendo ligeramente más abundante en la vertiente del pacifico. En algunas áreas forma rodales casi puros y puede ser especialmente abundante a lo largo de los arroyos. Pero es un árbol de bosque secundario y áreas alteradas, y rara vez hay juveniles en bosques maduros.', N'Preocupación menor (LC)'),
(N'Níspero', N'Manilkara zapota', N'Es un árbol perennifolio de estatura mediana a alta de 10 a 30 metros. Copa redondeada y con follaje lustroso. Tronco con raíces tablares en la base. Corteza exterior gris o negra y con fisuras verticales. Corteza interior roja o rosada. Ramitas terminales simpodiales. El desprendimiento de cualquier parte de la planta produce el flujo de una savia lechosa. Hojas simples y alternas, de 6-15 x 3-6 cm, elípticas a oblongas, con ápice agudo a veces emarginado, bordes enteros y base decurrente. Las hojas se encuentran agrupadas en los ápices de las ramitas y tienen las nervaduras secundarias muy finas y paralelas. Pecíolo de 0.8-2.5 cm de largo. Flores cremas o amarillentas. Frutos globosos o elipsoidales, de 3-8 cm de largo, ásperos y con lenticelas blancas en el exterior, a veces con una proyección aguda en la punta.', N'Se encuentra en bosques secos a húmedos de elevación baja a media, desde México y por todo Centroamérica. En Panamá se distribuye a lo largo del país por lo que es común en fincas principalmente de la vertiente del Pacífico.', N'Preocupación menor (LC)'),
(N'Sigua', N'Aiouea montana', N'Es un árbol perennifolio de estatura mediana a alta de 10 a 30 metros. Copa umbelada o redondeada. Tronco con raíces tablares pequeñas y a veces con rebrotes en la base. Corteza exterior gris y lenticelada. Ramitas terminales verdes y glabras. Hojas simples y alternas, de 8-30 x 4-9 cm, elípticas, con ápice agudo, bordes enteros y base redondeada o aguda. Las hojas son aromáticas al estrujarlas y presentan tres nervaduras suprabasales. Pecíolo de 1-2 cm de largo y ligeramente acanalados en la parte superior. Flores verdes o amarillentas, aromáticas. Frutos en drupas, de 1 cm de largo, verdes y con una copa basal de color amarillento, tornándose negros al madurar.', N'Se encuentra en bosques húmedos a muy húmedos, en elevaciones bajas a medias, desde Guatemala hasta Paraguay. En Panamá se encuentra en las provincias de Chiriquí, Coclé, Colón, Darién, Herrera, Panamá y Veraguas.', N'Preocupación menor (LC)'),
(N'Laurel', N'Cordia alliodora', N'Es un árbol caducifolio de estatura pequeña a mediana de 5 a 25 metros. Copa pequeña. Tronco con ramificación verticilada. Corteza exterior blanca o gris, tornándose negra y fisurada en los árboles de mayor edad. Ramitas terminales con lenticelas blancas y abultamientos huecos habitados por hormigas del género Azteca. Hojas simples y alternas, de 7-18 x 3-8 cm, lanceoladas o elípticas, con ápice agudo, bordes enteros a ondulados y base obtusa o desigual. Las hojas son ásperas en el haz y con pelos estrellados por el envés. Pecíolo de 1-3 cm de largo, cubierto de pelos y áspero al tacto. Flores blancas y aromáticas. Frutos alados, con una sola semilla y corola persistente, de 0.5-0.7 cm de largo, verdes, tornándose marrón castaño al madurar.', N'Se encuentra en bosques secos a húmedos, de elevación baja a media, desde México hasta Argentina. En Panamá es común en bosques secundarios de la vertiente del Pacífico. Se ha identificado a nivel nacional principalmente en Bocas del Toro, Chiriquí, Colón, Darién, Herrera, Los Santos, Panamá, San Blas y Veraguas.', N'Preocupación menor (LC)'),
(N'Alcornoque', N'Mora oleífera', N'Árbol con hojas de dos pares de foliolos. De estructura leñosa, con solo una semilla. Árbol de hasta 45 m de altura y 1-2 m de diámetro por encima de las gambas, fuste recto y cilíndrico (a veces irregular), gambas delgadas pero grandes, corteza pardo-rojiza, cubierta de nudos que generalmente producen retoños adventicios, ramas glabras de color pardo. Hojas paripinnadas, alternas, generalmente con 4 folíolos coriáceos y opuestos, asimétricos, ovado a oblongo-acuminados, ápice obtuso o agudo, 6-18 cm de largo y 4-7 cm de ancho, glabros, verde brillante cuando nuevos. Inflorescencia terminal o subterminal, densamente espigada, 8-12 cm de largo. Flores pequeñas, blancas, sésiles, con pétalos oblongos y 5 estambres de 8 mm de largo. Frutos legumbres pardas, hasta 25 cm de largo y 13 cm de ancho, glabras, con una o dos semillas grandes leñoso-coriáceas, dehiscentes, semillas hasta 18 cm de largo y 15 cm de ancho.', N'En Panamá, crece solamente en la costa del Pacífico. Se puede identificar principalmente en Bocas del Toro, comarca Ngäbe Buglé, algunas partes de Darién.', N'Vulnerable (VU)'),
(N'Mangle Piñuelo', N'Pelliciera rhizophorae', N'Árbol de 10 a 20 m de alto. Tronco con raíces fúlcreas y compactadas en la base. Corteza exterior gris o negra, lenticelada. Hojas simples y alternas, de 10-15 X 2-5 cm, elípticas o lanceoladas, con ápice agudo, bordes aserrados o enteros y base aguda. Las hojas se encuentran agrupadas en los ápices de las ramitas y los dientes de los bordes son glandulares. Flores blancas. Frutos en drupas, de 8-10 cm de largo, marrón y con hendiduras longitudinales, terminado en una punta larga y tornándose rojizo al madurar. Distribución: La especie crece en manglares, principalmente en áreas cercanas a la desembocadura de los ríos y los esteros. En Panamá se encuentra en las provincias de Bocas del Toro, Coclé, Darién, Herrera, Los Santos, Panamá, Veraguas y la comarca de Guna Yala.', N'La especie crece en manglares, principalmente en áreas cercanas a la desembocadura de los ríos y los esteros. En Panamá se encuentra en las provincias de Bocas del Toro, Coclé, Darién, Herrera, Los Santos, Panamá, Veraguas y la comarca de Guna Yala.', N'Vulnerable (VU)'),
(N'Mangle Salado', N'Avicennia bicolor', N'Árbol de 5 a 20 m de alto y de 10 a 40 cm de diámetro, muy parecido al mangle negro (Avicennia germinans), la diferencia está en que este tiene hojas más grandes y anchas. Tiene raíces que crecen hacia arriba, alrededor de la base del tronco. Su corteza es color cafégrisáceo claro. Las hojas son de forma elíptica, simples y opuestas; el frente es totalmente liso y brillante, y el revés generalmente está cubierto por cristales de sal. Da flores y frutos durante todo el año, principalmente de marzo a octubre, y de septiembre a enero. Su inflorescencia es una espiga de flores blancas y sin pelos. Sus frutos son cápsulas ovaladas, de 1 a 2 cm de largo.', N'En Panamá crece solamente en la costa del Pacífico, en parches pequeños aislados. La especie crece en áreas costeras y de manglares. Prefiere terrenos anegados por la marea y con altas condiciones de salinidad. En Panamá se encuentra en las provincias de Coclé, Colón, Darién, Herrera, Los Santos y Panamá.', N'En peligro (EN)'),
(N'Mangle Rojo', N'Rhizophora mangle', N'Árbol de 5 a 25 m de alto. Tronco con raíces fúlcreas en la base. Las raíces salen arqueadas y se ramifican en los extremos terminales. Corteza exterior de color marrón e internamente es de color rojo oscuro. Ramitas terminales simpodiales. Hojas simples y opuestas, de 5-15 x 3-7 cm, obovadas o elípticas, con ápice obtuso o agudo, bordes enteros y base decurrente. Las hojas se encuentran agrupadas en los extremos apicales de las ramitas, son de color verde brillante y tienen puntos negros por el envés. Estípulas deciduas, pero persistentes en los ápices de las ramitas a manera de una yema terminal. Pecíolo de 2-2.5 cm de largo y ligeramente acanalado en la parte superior. Flores verde amarillentas. Frutos ovados o lanceolados, de 10-20 cm de largo.', N'Se encuentran en zonas subtropicales y tropicales de ambos hemisferios, extendiéndose hasta cerca de los 28° de latitud norte a sur. Generalmente en las desembocaduras de los ríos. Prosperan en las costas de agua salobre y en marismas pantanosas. Al estar bien adaptados al agua salada, prosperan donde muchas otras plantas fracasan y crean sus propios ecosistemas. En Panamá podemos encontrarlo principalmente en las provincias de Coclé, Chiriquí, Panamá, Veraguas, Bocas del Toro, Colón, Comarca Guna Yala y Herrera.', N'En peligro (EN)'),
(N'Mangle Negro', N'Avicennia germinans', N'Árbol de 10 a 30 m de alto. Tronco con neumatóforos alrededor de la base. Los neumatóforos son raíces respiratorias que emergen en forma de pequeños tubos alargados cubriendo el suelo alrededor del árbol. Corteza exterior negra y fisurada, formando pequeñas placas rectangulares. Hojas simples y opuestas, de 8-15 x 2-4 cm, lanceoladas, con ápice agudo, bordes enteros y base aguda. Las hojas presentan el envés gris, cubierto de pelitos o estructuras glandulares secretoras de sal. Pecíolo de 1-2.5 cm de largo y ligeramente acanalado en la parte superior. Flores blancas y con la parte central de color amarillo. Frutos en cápsulas elipsoidales, de 1.5-2 cm de largo, verdes, cubiertos por una estructura carnosa y esponjosa, dehiscentes en dos valvas al madurar.', N'Crece en regiones tropicales y subtropicales de América, en ambas costas, del Atlántico y del Pacífico, y en la costa del Atlántico de África tropical, donde prospera en las orillas arenosas. Es común en áreas costeras de Texas y Florida y habita desde norte de Luisiana y Georgia en los Estados Unidos y por las costas hasta Sudamérica. La especie crece en áreas costeras y de manglares de todo el país. Prefiere terrenos anegados por la marea y con altas condiciones de salinidad. De hecho, es la especie de mangle que presenta la mayor tolerancia a la salinidad. En Panamá la podemos identificar principalmente en las provincias de Panamá, Herrera, Bocas del Toro, Coclé, Chiriquí, colón y comarca Guna Yala.', N'Preocupación menor (LC)'),
(N'Mangle Blanco', N'Laguncularia racemosa', N'Árbol de 5 a 20 m de alto. Copa umbelada o redondeada. Tronco con neumatóforos que salen de raíces superficiales y extendidas en la base. Corteza exterior gris o negra y con fisuras verticales. En los árboles de mayor edad la corteza tiene fisuras profundas y se exfolia en láminas. Hojas simples y opuestas, de 3-11 x 3-6 cm, elípticas, con ápice obtuso o redondeado, bordes enteros y base redondeada o decurrente. Pecíolo de 1-2 cm de largo, rojizos y con un par de glándulas en el extremo apical. La especie puede ser hermafrodita o dioica. Flores blancas y aromáticas. Frutos en drupas ovoides, de 1-2 cm de largo, ligeramente comprimidas y con costillas longitudinales.', N'Ampliamente distribuido en las costas de África occidental, de Senegal a Camerún; costas del Atlántico en América, desde Bermudas, Florida, Bahamas, México y el Caribe, hasta el sur de Brasil; y costas del Pacífico en América, desde México hasta el noroeste de Perú, incluyendo las Islas Galápagos. En Panamá la identificamos principalmente en Bocas del Toro, Chiriquí, Colón, Darién, Los Santos, Panamá, San Blas y Veraguas', N'Preocupación menor (LC)'),
(N'Flor del Espíritu Santo', N'Peristeria elata', N'Tiene pseudobulbos ovoides de hasta 12 centímetros de alto, elongados, no aplanados y de cuatro hojas que alcanzan hasta un metro de longitud y 15 cm de ancho, plegadas. La inflorescencia emerge desde la base del bulbo con una longitud entre 1 a 1,8 metros y produce un total de 4 a 12 flores de color blanco marfil intenso, con manchas o pintas de color púrpura con la antera y pistilo de color amarillo. Las flores se hallan adornadas en el centro de su labelo con una bien definida y delicada "paloma".', N'Originaria de Panamá, hay mayor cantidad conocida, y también encontrada en algunas áreas de Colombia y Ecuador. En Panamá podemos encontrarla principalmente en el Cerro Gaital en el Valle de Antón, siendo este el hábitat fundamental de la flor nacional de Panamá. También podemos encontrarla en algunas zonas de Herrera y en los bosques húmedos pre-montanos en elevaciones bajas a medias en Colón y Veraguas.', N'Vulnerable (VU)'),
(N'Zamias', N'Zamia dressleri', N'Es una pequeña cícada con un cáudice subterráneo de hasta 5 cm de diámetro, de 1 a 3 hojas de hasta 1,5 m de largo. Los folíolos grandes, de color verde oscuro y profundamente acanalados miden hasta 50 cm de largo por 15 cm de ancho y puede haber hasta 10 por hoja. Las hojas nuevas son de bronce.', N'Es endémica de Panamá, donde crece en el hábitat de la selva tropical. Se encuentra en las provincias de Colón y Comarca de San Blas.', N'En peligro (EN)')

INSERT INTO FotoFlora
VALUES
(N'1', N'https://zonaaltamedios.com/uploads/post/portada/1754018058_132df2f576e2bbab3ddf.png', N'Almendro de Montaña'),
(N'2', N'https://d2seqvvyy3b8p2.cloudfront.net/d9653efe54814e2a80a92053404fbe9f.jpg', N'Bálsamo'),
(N'3', N'https://inaturalist-open-data.s3.amazonaws.com/photos/60211723/large.jpg', N'Cocobolo'),
(N'4', N'https://guardabosqueusb.wordpress.com/wp-content/uploads/2010/11/caobo-con-frutos.jpg', N'Caoba'),
(N'5', N'https://static.wixstatic.com/media/b018ce_1915cea13af5412ea27173951c18f82c~mv2.png/v1/fill/w_2005,h_1128,al_c/b018ce_1915cea13af5412ea27173951c18f82c~mv2.png', N'Nazareno'),
(N'6', N'https://upload.wikimedia.org/wikipedia/commons/e/e6/Starr_050518-1613_Platymiscium_stipulare.jpg', N'Quira'),
(N'7', N'https://upload.wikimedia.org/wikipedia/commons/2/29/Cedrela_odorata_foliage.jpg', N'Cedro Amargo'),
(N'8', N'https://preview.redd.it/bkko04qsu3y21.jpg?width=640&crop=smart&auto=webp&s=65b38e985ca0f663e62e27b5b06b3a73f4df6ab6', N'Cedro Espino'),
(N'9', N'https://lh6.googleusercontent.com/proxy/CoRxdP4YKUku0I1zgpuNHI1tqD3MjGIQj7zw8VrqL9aavt9ouzpfgk8HmApuHqkS1uytv3BAcdHLRcMDdT2PWvMYMAfnGTGbAKkyBQ6N2smXfkc6MtcX-VlOkw', N'Espavé'),
(N'10', N'https://www.gardenia.net/wp-content/uploads/2025/05/ChatGPT-Image-May-22-2025-03_18_15-PM.jpg', N'Níspero'),
(N'11', N'https://api.gbif.org/v1/image/cache/200x/occurrence/5063459593/media/367c5d68931ecba57b1d34bd02569fac', N'Sigua'),
(N'12', N'https://ecosdelbosque.com/sites/default/files/styles/specie_slider/public/2022-06/cordia_alliodora_01.jpg?itok=1Qh9C_di', N'Laurel'),
(N'13', N'https://encrypted-tbn0.gstatic.com/images?q=tbn:ANd9GcQ1zZplUC-Mlb-8AYNQdmrSddEaoE_4O0Xu-Q&s', N'Alcornoque'),
(N'14', N'https://lh5.googleusercontent.com/proxy/u6MBLOt9dQdLxrwBOdQV_8f2mjsHI_6lPYi2AyVznVAWyTJ1SL4rP81irGVGDiwF80j3J3UFjdmI8MXKGJ5q0oZYHC6xG5OT4zbamlTiwqBJtDvzbzKcFZfEkCLo8fCd4tlr3cKIy0E-IvLl', N'Mangle Piñuelo'),
(N'15', N'https://static.inaturalist.org/photos/32871818/large.jpg', N'Mangle Salado'),
(N'16', N'https://www.aquariumbiarritz.com/wp-content/uploads/2024/11/paletuvier-rouge.jpg', N'Mangle Rojo'),
(N'17', N'https://inaturalist-open-data.s3.amazonaws.com/photos/74101428/original.jpeg', N'Mangle Negro'),
(N'18', N'https://inaturalist-open-data.s3.amazonaws.com/photos/127562697/large.jpeg', N'Mangle Blanco'),
(N'19', N'https://blogger.googleusercontent.com/img/b/R29vZ2xl/AVvXsEiAr_Fm-zCqjbgNHVwjIHFZIeGlX9z7EonsKaTfC8B9yh5BnP4vUPwU9x-t8EFCVgNBFCZHFEF3T0NLrtXN4bbvf50TgznaNdyYGPRn41XtlmyoSvOHkmS3MeOYwl6BGS1Vof9TKJ3Vw6A/w1200-h630-p-k-no-nu/flor-espiritu-santo_1251382043.jpg', N'Flor del Espíritu Santo'),
(N'20', N'https://upload.wikimedia.org/wikipedia/commons/e/ea/Zamia_dressleri_-_Marie_Selby_Botanical_Gardens_-_Sarasota%2C_Florida_-_DSC01103.jpg', N'Zamias')

INSERT INTO AccionProteccion (titulo, descripcion) VALUES
(N'Evitar el tráfico de vida silvestre',
 N'No comprar animales silvestres, sus partes, ni apoyar actividades de comercio ilegal.'),

(N'Proteger los bosques y selvas',
 N'Apoyar iniciativas de conservación, evitar quemas y cuidar áreas naturales cercanas.'),

(N'Reducir la deforestación',
 N'Promover el uso responsable de la madera y apoyar proyectos de reforestación comunitaria.'),

(N'No cazar animales silvestres',
 N'Evitar prácticas de caza que afecten poblaciones vulnerables de aves y mamíferos.'),

(N'Conservar las playas de anidación',
 N'No manejar vehículos sobre playas, evitar luces artificiales y no extraer huevos de tortugas.'),

(N'Proteger ríos y mares',
 N'Reducir el uso de plásticos, no arrojar basura y apoyar limpiezas de costas y riberas.'),

(N'Evitar la contaminación del agua',
 N'No desechar aceites, químicos o detergentes en ríos ni drenajes para proteger acuáticos y anfibios.'),

(N'Reportar actividades ilegales',
 N'Informar a las autoridades sobre caza, tala o tráfico de especies para prevenir daños ecológicos.'),

(N'Usar productos sostenibles',
 N'Elegir productos certificados, responsables y apoyar comercios que respeten la biodiversidad.'),

(N'Participar en programas de educación ambiental',
 N'Asistir a talleres, voluntariados y actividades que fomenten la protección de la fauna y flora.');

INSERT INTO AnimalAmenaza VALUES
(1,1),(1,3),(1,5),
(2,1),(2,3),(2,5),
(3,1),(3,3),(3,5),
(4,1),(4,3),(4,5),
(5,1),(5,3),(5,5),
(6,1),(6,3),(6,5),
(7,1),(7,3),(7,5),
(8,1),(8,3),(8,5),
(9,1),(9,3),(9,5),
(10,1),(10,3),(10,5),
(11,1),(11,3),(11,5),
(12,1),(12,3),(12,5),
(13,1),(13,3),(13,5),
(14,1),(14,3),(14,5),
(15,1),(15,3),(15,5),
(16,1),(16,3),(16,5),
(17,1),(17,3),(17,5),
(18,1),(18,3),(18,5),
(19,1),(19,3),(19,5),
(20,1),(20,3),(20,5),
(21,1),(21,3),(21,5),
(22,1),(22,3),(22,5),
(23,1),(23,3),(23,5),
(24,1),(24,3),(24,5),
(25,1),(25,3),(25,5);

INSERT INTO AnimalAmenaza VALUES
(26,1),(26,2),(26,3),(26,5),
(27,1),(27,2),(27,3),(27,5),
(28,1),(28,2),(28,3),(28,5),
(29,1),(29,2),(29,3),(29,5),
(30,1),(30,2),(30,3),(30,5),
(31,1),(31,2),(31,3),(31,5),
(32,1),(32,2),(32,3),(32,5),
(33,1),(33,2),(33,3),(33,5),
(34,1),(34,2),(34,3),(34,5),
(35,1),(35,2),(35,3),(35,5),
(38,1),(38,2),(38,3),(38,5),
(39,1),(39,2),(39,3),(39,5),
(40,1),(40,2),(40,3),(40,5),
(41,1),(41,2),(41,3),(41,5),
(42,1),(42,2),(42,3),(42,5),
(43,1),(43,2),(43,3),(43,5);

INSERT INTO AnimalAmenaza VALUES
(36,8),(36,10),(36,11),
(37,8),(37,10),(37,11);

INSERT INTO AnimalAmenaza VALUES
(44,1),(44,2),(44,3),(44,8),
(45,1),(45,2),(45,3),(45,8),
(46,1),(46,2),(46,3),(46,8),
(47,1),(47,2),(47,3),(47,8),
(48,1),(48,2),(48,3),(48,8);

INSERT INTO AnimalAmenaza VALUES
(49,1),(49,2),(49,3),
(50,1),(50,2),(50,3),
(51,1),(51,2),(51,3),
(52,1),(52,2),(52,3),
(53,1),(53,2),(53,3);

INSERT INTO AnimalAmenaza VALUES
(54,7),(54,8),(54,9),
(55,7),(55,8),(55,9),
(56,7),(56,8),(56,9),
(57,7),(57,8),(57,9),
(58,7),(58,8),(58,9);

INSERT INTO AnimalAmenaza VALUES
(59,7),(59,8),
(60,7),(60,8),
(61,7),(61,8);

INSERT INTO AnimalAmenaza VALUES
(62,1),(62,8),
(63,1),(63,8),
(64,1),(64,8);

INSERT INTO AnimalAccionProteccion VALUES
(1,1),(1,2),(1,3),
(2,1),(2,2),(2,3),
(3,1),(3,2),(3,3),
(4,1),(4,2),(4,3),
(5,1),(5,2),(5,3),
(6,1),(6,2),(6,3),
(7,1),(7,2),(7,3),
(8,1),(8,2),(8,3),
(9,1),(9,2),(9,3),
(10,1),(10,2),(10,3),
(11,1),(11,2),(11,3),
(12,1),(12,2),(12,3),
(13,1),(13,2),(13,3),
(14,1),(14,2),(14,3),
(15,1),(15,2),(15,3),
(16,1),(16,2),(16,3),
(17,1),(17,2),(17,3),
(18,1),(18,2),(18,3),
(19,1),(19,2),(19,3),
(20,1),(20,2),(20,3),
(21,1),(21,2),(21,3),
(22,1),(22,2),(22,3),
(23,1),(23,2),(23,3),
(24,1),(24,2),(24,3),
(25,1),(25,2),(25,3);

INSERT INTO AnimalAccionProteccion VALUES
(26,1),(26,2),(26,3),(26,4),
(27,1),(27,2),(27,3),(27,4),
(28,1),(28,2),(28,3),(28,4),
(29,1),(29,2),(29,3),(29,4),
(30,1),(30,2),(30,3),(30,4),
(31,1),(31,2),(31,3),(31,4),
(32,1),(32,2),(32,3),(32,4),
(33,1),(33,2),(33,3),(33,4),
(34,1),(34,2),(34,3),(34,4),
(35,1),(35,2),(35,3),(35,4),
(38,1),(38,2),(38,3),(38,4),
(39,1),(39,2),(39,3),(39,4),
(40,1),(40,2),(40,3),(40,4),
(41,1),(41,2),(41,3),(41,4),
(42,1),(42,2),(42,3),(42,4),
(43,1),(43,2),(43,3),(43,4);

INSERT INTO AnimalAccionProteccion VALUES
(36,6),(36,7),(36,9),(36,10),
(37,6),(37,7),(37,9),(37,10);

INSERT INTO AnimalAccionProteccion VALUES
(44,1),(44,5),(44,6),(44,7),
(45,1),(45,5),(45,6),(45,7),
(46,1),(46,5),(46,6),(46,7),
(47,1),(47,5),(47,6),(47,7),
(48,1),(48,5),(48,6),(48,7);

INSERT INTO AnimalAccionProteccion VALUES
(49,1),(49,2),(49,4),
(50,1),(50,2),(50,4),
(51,1),(51,2),(51,4),
(52,1),(52,2),(52,4),
(53,1),(53,2),(53,4);

INSERT INTO AnimalAccionProteccion VALUES
(54,6),(54,7),(54,9),
(55,6),(55,7),(55,9),
(56,6),(56,7),(56,9),
(57,6),(57,7),(57,9),
(58,6),(58,7),(58,9);

INSERT INTO AnimalAccionProteccion VALUES
(59,6),(59,7),
(60,6),(60,7),
(61,6),(61,7);

INSERT INTO AnimalAccionProteccion VALUES
(62,1),(62,7),(62,10),
(63,1),(63,7),(63,10),
(64,1),(64,7),(64,10);
